,label,PCA_feature_11,PCA_feature_3,PCA_feature_28,PCA_feature_124,PCA_feature_122,PCA_feature_15,PCA_feature_134,PCA_feature_89,PCA_feature_23,PCA_feature_126,PCA_feature_148,PCA_feature_14,PCA_feature_128,PCA_feature_30,PCA_feature_16,PCA_feature_138,PCA_feature_141,PCA_feature_1,PCA_feature_53
1,0.0,1.1438806873175698,-2.758241586647062,-1.0544758427857586,-0.0038927983166622687,0.007178882715669086,0.8182405334935939,3.677613769070831e-16,0.041444847683087725,-0.09123987157444974,-0.018766727762174966,1.231653667943533e-16,0.5441880541866985,4.119968255444917e-17,-0.4933045966935684,-0.025832182822376884,-2.7755575615628914e-17,6.591949208711867e-17,3.3729269463953666,-0.275166045412577
1,1.0,0.2188137352112027,4.450455152928563,0.4604724654848585,0.0007043632088609003,-0.0074888299109399994,1.0229711445260035,-1.2698175844150228e-15,-0.00745362933035806,0.2132304787823162,0.0025099229904627235,-6.591949208711867e-16,-0.7878407205795489,1.0148132334464322e-16,0.04009111622394174,0.5629354851468753,-2.0816681711721685e-17,8.326672684688674e-17,-2.2659309556946297,-0.1445482912509509
1,1.0,0.2188137352112027,4.450455152928563,0.4604724654848585,0.0007043632088609003,-0.0074888299109399994,1.0229711445260035,-1.2698175844150228e-15,-0.00745362933035806,0.2132304787823162,0.0025099229904627235,-6.591949208711867e-16,-0.7878407205795489,1.0148132334464322e-16,0.04009111622394174,0.5629354851468753,-2.0816681711721685e-17,8.326672684688674e-17,-2.2659309556946297,-0.1445482912509509
1,1.0,0.2188137352112027,4.450455152928563,0.4604724654848585,0.0007043632088609003,-0.0074888299109399994,1.0229711445260035,-1.2698175844150228e-15,-0.00745362933035806,0.2132304787823162,0.0025099229904627235,-6.591949208711867e-16,-0.7878407205795489,1.0148132334464322e-16,0.04009111622394174,0.5629354851468753,-2.0816681711721685e-17,8.326672684688674e-17,-2.2659309556946297,-0.1445482912509509
2,1.0,1.9935922253939728,6.736429557835909,0.49671975877844615,0.0037661868782649516,-0.0017769288352735644,0.005268789216660602,-1.6566609195578508e-16,0.0057724928774980505,0.7348703776088001,-0.00022551298693644986,-2.0122792321330962e-16,2.429584310302784,1.5265566588595902e-16,-0.24448215293963713,0.16978587551404745,-2.7755575615628914e-17,2.5673907444456745e-16,1.363067209364641,0.012270306655810088
2,0.0,0.3039849961140699,-0.526318377756612,-0.5218027902535161,-0.0210907937415524,0.00045440581563054375,-0.008948616007097482,4.839878497975292e-16,0.03430214457388931,0.27506992246866424,1.6081194416366074e-05,4.397524011601206e-16,1.243961157276999,-2.862293735361732e-17,0.15254255809664666,-0.43308500448113296,-1.3877787807814457e-17,4.85722573273506e-16,2.537503329288766,-0.04239001056493909
2,1.0,1.9935922253939728,6.736429557835909,0.49671975877844615,0.0037661868782649516,-0.0017769288352735644,0.005268789216660602,-1.6566609195578508e-16,0.0057724928774980505,0.7348703776088001,-0.00022551298693644986,-2.0122792321330962e-16,2.429584310302784,1.5265566588595902e-16,-0.24448215293963713,0.16978587551404745,-2.7755575615628914e-17,2.5673907444456745e-16,1.363067209364641,0.012270306655810088
2,1.0,1.9935922253939728,6.736429557835909,0.49671975877844615,0.0037661868782649516,-0.0017769288352735644,0.005268789216660602,-1.6566609195578508e-16,0.0057724928774980505,0.7348703776088001,-0.00022551298693644986,-2.0122792321330962e-16,2.429584310302784,1.5265566588595902e-16,-0.24448215293963713,0.16978587551404745,-2.7755575615628914e-17,2.5673907444456745e-16,1.363067209364641,0.012270306655810088
3,1.0,-0.31705016197551456,-0.8322535979329475,0.3063451373773787,-0.05154857782184862,-0.0008305992703251889,-0.807185896432034,2.8709673527416157e-16,0.05697359237901361,0.5599745299188487,0.017799727661933527,3.400058012914542e-16,-0.35524776570179545,1.1275702593849246e-17,-0.6236933229342756,-0.9252013368635904,-2.0816681711721685e-17,3.226585665316861e-16,-0.04407311901929804,-0.09996256658342181
5,1.0,-0.7034019124760265,-0.15412484136589127,-0.10134742023919219,-0.0020150749426895986,-0.009532833809313818,0.3842246870893829,-4.683753385137379e-17,0.10591494594292127,0.3044571388569624,-0.01651981966945701,3.8163916471489756e-17,0.03364385448537768,1.1275702593849246e-17,-0.45752759566049084,0.3024912966099461,2.706168622523819e-16,-2.740863092043355e-16,0.9126559318711872,0.06006990166050202
5,0.0,-0.9221457263814186,1.4615717032689457,-0.6005627123906161,-0.006028575448609526,-0.008178458054360724,-0.31946370811707786,6.071532165918825e-16,-0.1031534885487813,0.34929707416332983,0.00025595456095473673,4.0245584642661925e-16,0.16751576231304788,-3.729655473350135e-17,-1.1863503615899635,0.31038960729079124,3.0531133177191805e-16,5.620504062164855e-16,9.513796235041385,-0.06483311584275576
5,1.0,-0.7034019124760265,-0.15412484136589127,-0.10134742023919219,-0.0020150749426895986,-0.009532833809313818,0.3842246870893829,-4.683753385137379e-17,0.10591494594292127,0.3044571388569624,-0.01651981966945701,3.8163916471489756e-17,0.03364385448537768,1.1275702593849246e-17,-0.45752759566049084,0.3024912966099461,2.706168622523819e-16,-2.740863092043355e-16,0.9126559318711872,0.06006990166050202
5,1.0,-0.7034019124760265,-0.15412484136589127,-0.10134742023919219,-0.0020150749426895986,-0.009532833809313818,0.3842246870893829,-4.683753385137379e-17,0.10591494594292127,0.3044571388569624,-0.01651981966945701,3.8163916471489756e-17,0.03364385448537768,1.1275702593849246e-17,-0.45752759566049084,0.3024912966099461,2.706168622523819e-16,-2.740863092043355e-16,0.9126559318711872,0.06006990166050202
6,1.0,-0.11271802619888541,-0.24022443868703702,0.4851346603583114,-0.053894761477407196,0.07926951554697875,0.27509652517305844,-2.3245294578089215e-16,0.11399542576341845,1.0978499018398917,-0.020233631814981116,1.0928757898653885e-16,-0.5075935899422278,2.688821387764051e-17,0.6333382928426466,-0.10648422425224383,-1.0408340855860843e-16,3.469446951953614e-17,0.5325218413095174,-0.3374658899796292
7,0.0,-0.0032408149354684126,-1.7637474442882104,0.051316341524256966,0.01921231685337448,-0.023882966613334104,0.5358157179550025,2.905661822261152e-16,0.040157082811414196,-0.21988076987054575,-0.0243016597328274,1.240327285323417e-16,0.6976673440172517,-4.7704895589362195e-17,0.3328243718835265,-0.21310444991478875,4.85722573273506e-17,-2.2898349882893854e-16,1.898930658173939,0.02014505081049578
7,1.0,-1.0941183771634149,-0.7097463204521569,-0.27181666173124164,0.019717180410727078,0.061723827280129345,0.47476333926353864,9.540979117872439e-17,-0.21993311698681686,-0.11160382089178812,0.025150948947901985,-1.734723475976807e-17,0.44145228809833076,4.119968255444917e-17,-0.06303395506391661,-0.17789093988432114,2.706168622523819e-16,-1.1102230246251565e-16,0.597392528250403,0.10065616378021701
7,1.0,-1.094118377163415,-0.7097463204521569,-0.27181666173124164,0.019717180410727123,0.06172382728012951,0.47476333926353864,1.6132928326584306e-16,-0.21993311698681683,-0.11160382089178841,0.025150948947901985,0.0,0.44145228809833076,1.5612511283791264e-17,-0.06303395506391646,-0.1778909398843211,2.706168622523819e-16,-6.245004513516506e-17,0.5973925282504032,0.10065616378021702
8,1.0,-0.648242928391219,-1.2165130365745231,-0.10522594929266453,0.04257833206313951,-0.012509154836847256,0.34003265594178445,3.5561831257524545e-17,-0.06536671275062901,-0.07337297260228653,0.0009531041417270986,2.0122792321330962e-16,0.05482836101768296,-1.3444106938820255e-17,-0.038419098147392326,-0.6089658168777687,1.3183898417423734e-16,7.979727989493313e-17,0.1320254662403474,0.10062605442704489
8,0.0,0.6119779080028632,-2.125835847431967,-0.24688284727435572,-0.0355203905208571,0.012881902456693368,-0.48592610860461827,2.671474153004283e-16,0.19955534088440086,-0.5799638510785547,-0.006709852090862414,1.8171228410857054e-16,0.3292867021810475,-9.107298248878237e-18,-0.2708613331221009,-0.8851030535717507,1.0061396160665481e-16,1.8041124150158794e-16,0.8677943692606044,0.019122352552540772
8,1.0,-0.648242928391219,-1.2165130365745231,-0.10522594929266453,0.04257833206313951,-0.012509154836847256,0.34003265594178445,3.5561831257524545e-17,-0.06536671275062901,-0.07337297260228653,0.0009531041417270986,2.0122792321330962e-16,0.05482836101768296,-1.3444106938820255e-17,-0.038419098147392326,-0.6089658168777687,1.3183898417423734e-16,7.979727989493313e-17,0.1320254662403474,0.10062605442704489
9,0.0,-1.4516118148820858,-1.6316498253189669,0.007499385269987759,-0.004003481565631815,0.008959891003241557,-0.7274739375379221,4.2934406030425976e-16,-0.03449556542064389,0.3705307472961393,-0.000532798354357069,-2.185751579730777e-16,1.2019287796162084,-9.107298248878237e-17,-0.24963173460451152,-0.48964635288062813,-3.469446951953614e-18,-2.983724378680108e-16,-2.505463688798087,-0.12466774253217838
10,1.0,-0.9023831507521609,1.9909145503468872,-0.21777834320376044,0.007158653470900181,0.011449285109673163,-0.47421125243445683,4.40619762898109e-16,-0.017420908601046243,0.01074506087696614,-0.00582668342575491,4.2327252813834093e-16,-0.953307610299518,-6.765421556309548e-17,0.15962611329176296,1.400995862071495,2.0816681711721685e-17,7.979727989493313e-16,7.829448247293015,-0.3425455756625673
11,1.0,1.0858857468544083,-0.9861853047151922,0.12965732102391053,0.01322688762427826,-0.011181432055666145,-0.15281568708817983,1.1449174941446927e-16,0.0010854252056350404,0.36039690299379207,-0.010466267533666819,3.903127820947816e-16,-0.8499595899665797,6.938893903907228e-17,-0.33630993928603253,-1.1378174575545963,2.7755575615628914e-17,1.1796119636642288e-16,0.6324971063992161,-0.031317123290006375
11,0.0,0.8543908231024047,-0.4337000168558884,-0.9188862005263606,-0.000845575609678989,0.0052086320623829264,0.1642716874057548,6.891189008317866e-16,-0.014473787121745104,1.016091247927457,-0.003397513903941947,3.8510861166685117e-16,1.0268139623689772,-1.6132928326584306e-16,1.4021816815914525,0.5584599741660082,6.938893903907228e-17,1.249000902703301e-16,5.616062034696826,0.20217562162260158
11,1.0,1.0858857468544083,-0.9861853047151922,0.12965732102391053,0.01322688762427826,-0.011181432055666145,-0.15281568708817983,1.1449174941446927e-16,0.0010854252056350404,0.36039690299379207,-0.010466267533666819,3.903127820947816e-16,-0.8499595899665797,6.938893903907228e-17,-0.33630993928603253,-1.1378174575545963,2.7755575615628914e-17,1.1796119636642288e-16,0.6324971063992161,-0.031317123290006375
12,1.0,-0.9610719305291339,0.8363915760942415,0.10522381874534865,-0.006459551163238654,-0.006531338486691917,-0.6903714382746644,1.231653667943533e-15,0.010940270161885281,0.03695188054238292,-0.001727294208307157,5.238864897449957e-16,-0.6211758825707134,-8.500145032286355e-17,-0.10244011305756734,1.2301175244731977,1.5959455978986625e-16,5.134781488891349e-16,7.07706661306966,0.10686480273579575
12,1.0,-0.9610719305291339,0.8363915760942415,0.10522381874534865,-0.006459551163238654,-0.006531338486691917,-0.6903714382746644,1.231653667943533e-15,0.010940270161885281,0.03695188054238292,-0.001727294208307157,5.238864897449957e-16,-0.6211758825707134,-8.500145032286355e-17,-0.10244011305756734,1.2301175244731977,1.5959455978986625e-16,5.134781488891349e-16,7.07706661306966,0.10686480273579575
12,0.0,0.26867696284655174,-1.6876126528640252,0.27129479315258725,-0.015893760854893045,-0.012979483072688976,-0.10792787241308749,4.77048955893622e-16,0.08779636284692231,-0.10147499422969687,-0.018617400000281902,4.423544863740858e-17,0.900361876004537,-1.0061396160665481e-16,0.03813795397312948,-0.025098867264078888,2.42861286636753e-17,-2.0816681711721685e-17,0.9341430616283468,-0.12513068737338395
12,1.0,-0.9610719305291339,0.8363915760942415,0.10522381874534865,-0.006459551163238654,-0.006531338486691917,-0.6903714382746644,1.231653667943533e-15,0.010940270161885281,0.03695188054238292,-0.001727294208307157,5.238864897449957e-16,-0.6211758825707134,-8.500145032286355e-17,-0.10244011305756734,1.2301175244731977,1.5959455978986625e-16,5.134781488891349e-16,7.07706661306966,0.10686480273579575
12,1.0,-0.9610719305291339,0.8363915760942415,0.10522381874534865,-0.006459551163238654,-0.006531338486691917,-0.6903714382746644,1.231653667943533e-15,0.010940270161885281,0.03695188054238292,-0.001727294208307157,5.238864897449957e-16,-0.6211758825707134,-8.500145032286355e-17,-0.10244011305756734,1.2301175244731977,1.5959455978986625e-16,5.134781488891349e-16,7.07706661306966,0.10686480273579575
13,1.0,1.21386435559954,1.109104749703364,-0.6179209989346365,0.029535759380915516,0.00676479850155254,-0.4342976915745604,6.192962809237201e-16,0.07009671482408615,-0.05787993014205922,0.0057675024317690535,4.2327252813834093e-16,-0.3850851939140194,-2.688821387764051e-17,0.7677496394125247,0.2590052316910056,-1.0755285551056204e-16,3.8163916471489756e-16,4.6733682770083025,-0.3148623331902024
13,0.0,0.4121239507572843,0.20311133387521232,-0.42012319878472887,-0.003536194907208398,-0.0014077387206777453,0.7132616418695038,-3.7816971776294395e-16,-0.06938669621355646,-0.9225347955193745,0.0027821085591415197,-6.314393452555578e-16,-0.25777657185905906,1.0408340855860843e-17,-0.0009401141052611389,-0.6131544887125842,2.3592239273284576e-16,-2.0816681711721685e-16,-2.8293667304162713,0.04844377285510801
14,1.0,-0.13802548833820713,2.1354194637571142,0.19766653111641092,0.005247211738739682,0.04021162129708885,-1.8614808521556228,3.9898639947466563e-16,0.03521484353778952,-0.765519405727874,0.0066230172897593954,1.682681771697503e-16,-0.9968536690031522,-1.6479873021779667e-16,-0.40684192951427406,-0.4977974570319285,1.457167719820518e-16,4.787836793695988e-16,5.617067244739281,0.06531602255718524
14,0.0,0.43301682231288136,1.1954365890073364,0.09239756017708545,0.002192974527279609,-0.004653495424992299,1.9658581694219175,1.2923689896027213e-15,-0.0028230005143380296,0.8259823849925005,0.001255187902063394,2.0816681711721685e-16,-0.979514885064475,-2.671474153004283e-16,-0.09580720328858658,-0.8357420502560915,-2.5673907444456745e-16,1.3877787807814457e-16,10.394920883535008,0.40577167441193135
15,1.0,-0.11587704823165752,2.988859668830028,0.1205566024485086,0.002647505974980424,-0.017093181349171226,-0.8898288257202748,1.708702623837155e-16,-0.036081524351351195,-0.9565498952281128,0.00027474890077007486,-5.551115123125783e-17,-0.5712868521948838,-6.245004513516506e-17,0.464864656146642,-0.5941889791606634,2.706168622523819e-16,2.914335439641036e-16,4.554837580388601,0.006608079551147908
15,1.0,-0.11587704823165755,2.9888596688300275,0.1205566024485086,0.002647505974980327,-0.017093181349171246,-0.8898288257202743,1.6566609195578508e-16,-0.036081524351351285,-0.9565498952281118,0.00027474890077007486,5.551115123125783e-17,-0.5712868521948838,-4.336808689942018e-17,0.4648646561466418,-0.5941889791606629,2.5673907444456745e-16,2.7755575615628914e-16,4.554837580388601,0.006608079551147769
15,0.0,-0.13769404107272837,-3.9623273601215776,-0.13517999230091637,-0.000305243905086211,0.029782479780815482,0.2715399650859489,6.83481049534862e-16,-0.1765820800729747,-0.09636077275482724,-0.027107446415263633,8.326672684688674e-17,0.9767938579071034,-1.8388068845354155e-16,-0.13438519933638257,-0.2156154703021696,-2.5673907444456745e-16,-8.326672684688674e-17,-1.5181238489949602,0.18070991474431242
17,0.0,0.7769372101251589,0.3296911440054615,-0.4301224953983913,0.05767858429317563,-0.04910500295728902,0.22345461492882862,2.671474153004283e-16,0.14540282968103213,-0.15153866818228612,-0.027965265939483078,3.2612801348363973e-16,0.25165016003272306,8.803721640582296e-17,-0.34065833736981566,0.749367211530807,1.0408340855860843e-16,-2.7755575615628914e-17,2.7154909264171057,0.23338735457793677
17,1.0,-0.3659010173484959,1.4220990404645693,0.04993041966757841,0.015286709716029578,0.046738934962842454,-0.4710601572117801,-2.8622937353617317e-16,0.06370340883917668,0.5706059678175037,0.005289228670774932,-2.0122792321330962e-16,-0.6538688846509129,5.204170427930421e-17,0.12899636252418714,-0.43565303128760074,8.326672684688674e-17,-5.551115123125783e-17,-1.8087451272555444,-0.06717290580361741
17,1.0,-0.3659010173484959,1.4220990404645693,0.04993041966757841,0.015286709716029578,0.046738934962842454,-0.4710601572117801,-2.8622937353617317e-16,0.06370340883917668,0.5706059678175037,0.005289228670774932,-2.0122792321330962e-16,-0.6538688846509129,5.204170427930421e-17,0.12899636252418714,-0.43565303128760074,8.326672684688674e-17,-5.551115123125783e-17,-1.8087451272555444,-0.06717290580361741
18,0.0,0.6826547442889357,2.3498442732728577,0.04656706857174184,-0.0017612516745269188,0.01710163885229098,0.22855894003168314,2.0990154059319366e-16,-0.07451539768268807,-0.7151594934273265,0.01497956410271004,-2.255140518769849e-16,1.063707011966362,8.413408858487514e-17,-0.13636802379303092,1.1749520544915881,-7.632783294297951e-17,-6.453171330633722e-16,-0.4495885586503964,0.24714426126476297
19,0.0,-0.1813630003201639,-4.141118292334217,0.20134074395620216,-0.0023300097158744093,-0.002929306082399348,0.46331002280789924,3.6477982093274797e-16,-0.0606060206357493,-0.28680262706962106,0.009391497723064251,-1.5959455978986625e-16,1.2056781781438655,-1.5092094240998222e-16,0.12085242261957593,0.3422937733067868,-1.5959455978986625e-16,4.163336342344337e-17,-0.11678039282573968,-0.21242324776564153
19,1.0,-0.5547244128385194,1.810992665267792,0.014018675988712564,-0.0031607270539087268,-0.002030903282168081,-0.005100222778140387,-5.629177679544739e-16,0.04729336481004156,-0.25282947551238966,-0.0030953991045955705,-2.1163626406917047e-16,-0.04367262554987765,3.2959746043559335e-17,0.0671925914266512,-0.0022355727940749186,1.249000902703301e-16,-9.71445146547012e-17,-1.0529526562293225,-0.18765784426931098
19,1.0,-0.5547244128385198,1.8109926652677923,0.014018675988712564,-0.003160727053908595,-0.0020309032821681622,-0.0051002227781403245,-5.516420653606247e-16,0.04729336481004156,-0.2528294755123898,-0.0030953991045955705,-1.7694179454963432e-16,-0.04367262554987765,9.540979117872439e-18,0.06719259142665121,-0.0022355727940747867,1.5265566588595902e-16,-1.3183898417423734e-16,-1.0529526562293228,-0.18765784426931098
21,0.0,0.4497524275853184,-3.976443803452289,-0.38060152285075627,-0.010739171545387102,0.01227430103701303,0.9559608295164649,8.591218014775137e-16,0.036865526211508404,0.34767464846824814,0.020276794340295754,2.3245294578089215e-16,0.5082241291811939,5.117434254131581e-17,0.4338008276538738,0.12479050628548619,-2.220446049250313e-16,2.211772431870429e-17,0.5537917124610752,0.2205376127286478
22,1.0,-1.0172358761446576,1.1176427403898566,0.08704303234093375,0.02192764659436662,-0.011483375910724765,0.19837215707124284,-3.3480163086352377e-16,-0.04039434980967437,-0.24933721000233394,0.017457369681745667,-3.642919299551295e-17,0.4499627029617148,2.867714746224159e-17,-0.08278218082671365,0.05865603446685033,-4.85722573273506e-17,-1.5612511283791264e-16,-1.3885600105036182,-0.05390638920878002
22,0.0,0.02594522956937318,0.561733193467024,0.18080283294515492,0.0007510568304956861,0.002893201986089774,0.6462371680834003,7.042977312465837e-16,0.07548950936664581,0.47203595220918987,0.002025638158296634,3.469446951953614e-17,0.06133845750058958,-2.255140518769849e-16,-0.12722888954026196,-0.9840139988788863,1.8041124150158794e-16,1.3877787807814457e-17,6.510466269237648,-0.34169084206775246
22,1.0,-1.0172358761446576,1.1176427403898566,0.08704303234093375,0.02192764659436662,-0.011483375910724765,0.19837215707124284,-3.3480163086352377e-16,-0.04039434980967437,-0.24933721000233394,0.017457369681745667,-3.642919299551295e-17,0.4499627029617148,2.867714746224159e-17,-0.08278218082671365,0.05865603446685033,-4.85722573273506e-17,-1.5612511283791264e-16,-1.3885600105036182,-0.05390638920878002
23,0.0,-0.8035520877589344,-0.26489577480088244,-0.26534718060471185,0.010729988023535184,-0.09154375768081291,-1.100094986836386,-3.469446951953614e-16,0.04992525816723584,0.009644573970882593,0.004777220455948875,-1.249000902703301e-16,0.405323342504038,-6.591949208711867e-17,-0.18881841992593631,-0.2806293248237348,2.7755575615628914e-17,-6.938893903907228e-17,-1.5534669653085902,-0.17697541517775675
24,0.0,0.09897668423511699,-4.261625887568386,-0.1904750571768363,0.036153039173042245,-0.05611956936368831,-0.3619075928934088,1.5785983631388945e-16,-0.04265219573402789,0.37304370081948074,-0.03308616340950001,-4.0245584642661925e-16,-0.6465031163310851,-3.5561831257524545e-17,-0.5337947858616245,0.14959525846867242,-1.1449174941446927e-16,-6.591949208711867e-17,-1.8399396913193897,0.008765905745290126
25,1.0,-0.3206658363652197,3.2859232520487516,-0.16020654376398674,0.028451763539484837,-0.011844259334814148,-0.3259981480623409,8.012254054667878e-17,0.08328880752172296,-0.06998610685152903,0.019282732240162477,-2.636779683484747e-16,0.229542224891093,-7.112366251504909e-17,-0.281114596107695,-0.0581400636495909,-7.632783294297951e-17,-4.163336342344337e-16,-2.424415839967282,-0.2859219746767809
25,1.0,-0.32066583636521956,3.2859232520487516,-0.16020654376398674,0.028451763539484864,-0.011844259334814235,-0.32599814806234084,1.214306433183765e-17,0.08328880752172305,-0.06998610685152905,0.019282732240162477,-2.498001805406602e-16,0.229542224891093,-7.45931094670027e-17,-0.2811145961076947,-0.05814006364959093,-2.42861286636753e-17,-4.163336342344337e-16,-2.4244158399672826,-0.2859219746767809
26,0.0,-1.7297342401640843,-3.3730799866045302,0.053265335037170604,0.010663114205483881,0.00896564649699566,-0.1264381263690196,-3.191891195797325e-16,0.03237147441009459,0.1145790983628055,-0.03243807087964491,-7.632783294297951e-16,-0.8119689532750338,-2.0816681711721685e-16,-0.0546906298001324,0.05826856151749128,5.551115123125783e-17,-1.8735013540549517e-16,-3.386139178460205,0.13927184465801465
27,1.0,0.36066612306529533,0.06985673468634784,0.1677074134320415,-0.013475920012412893,0.03024365588496703,-0.31753109444185024,-2.5825695748604716e-16,-0.04475294918979327,-0.13490140489990535,0.0017005346232856766,4.3021142204224816e-16,-0.3211798261939002,2.211772431870429e-17,0.5187542222473034,0.43716019960796004,2.636779683484747e-16,-1.1796119636642288e-16,1.525741153531031,0.17185347946817336
27,1.0,0.36066612306529533,0.06985673468634784,0.1677074134320415,-0.013475920012412893,0.03024365588496703,-0.31753109444185024,-2.5825695748604716e-16,-0.04475294918979327,-0.13490140489990535,0.0017005346232856766,4.3021142204224816e-16,-0.3211798261939002,2.211772431870429e-17,0.5187542222473034,0.43716019960796004,2.636779683484747e-16,-1.1796119636642288e-16,1.525741153531031,0.17185347946817336
28,0.0,-0.8696716083528713,-2.294917467513718,0.5358182750487985,0.005427178511893614,-0.005195948935184576,0.19182321594731613,5.572799166575493e-17,-0.052774135817197934,-0.11350970239432943,0.001961668923874206,4.0939474033052647e-16,1.2804695740100698,-1.1058862159352145e-16,-0.25028425510804486,-0.013538419718343821,-1.4224732503009818e-16,3.1051550219984847e-16,-2.0144797146422913,-0.017288900323148275
28,1.0,0.4888737052505881,-0.5344520564374365,0.1612057909657128,-0.017254002543289168,-0.049390249126041945,0.37873223416304896,-1.97758476261356e-16,-0.0392341727447568,0.4216268488255131,-0.007146911962937139,1.465841337200402e-16,-0.4504992390142589,2.2659825404947043e-17,0.5997573744868028,-0.06777524758405415,1.1796119636642288e-16,2.0816681711721685e-16,1.619417186031006,-0.1276203983135114
28,1.0,0.4888737052505881,-0.5344520564374365,0.1612057909657128,-0.017254002543289168,-0.049390249126041945,0.37873223416304896,-1.97758476261356e-16,-0.0392341727447568,0.4216268488255131,-0.007146911962937139,1.465841337200402e-16,-0.4504992390142589,2.2659825404947043e-17,0.5997573744868028,-0.06777524758405415,1.1796119636642288e-16,2.0816681711721685e-16,1.619417186031006,-0.1276203983135114
29,0.0,0.39592549059699067,-3.170884761415053,-0.029537619273436705,0.0345510605765309,-0.04778885147771228,0.004139847746652457,8.118505867571457e-16,0.09236159022713705,0.05173413742784454,-0.015078453085426081,9.020562075079397e-17,0.49161320669494807,-1.5959455978986625e-16,-0.15987679397530186,-0.021330215671095755,-1.8041124150158794e-16,1.6653345369377348e-16,0.06636361362602261,0.06906590399609232
30,0.0,0.5681025882414474,-4.845540138143935,0.027857764189808766,0.027272791999638772,-0.04005080381094895,0.572814621987979,6.548581121812447e-16,0.135438710499902,-0.2503759527290367,0.010161088648118604,-3.478120569333498e-16,-0.09924335454127034,3.903127820947816e-17,0.3145829780027854,0.11518720974973823,-2.8796409701215e-16,-6.938893903907228e-17,-1.0148133657743097,0.005080877000965961
31,1.0,1.2035970457346397,4.8811716283407405,-0.10859899793010346,0.0006432574284051321,-0.006152011244696193,-0.6253585868861529,-8.36136715420821e-16,-0.006413116705138992,0.47726672655823765,-0.002780440538405038,6.938893903907228e-17,-0.4505802011286663,7.806255641895632e-17,0.21490016087239544,-0.13122970150833918,-4.926614671774132e-16,1.1102230246251565e-16,-6.143107513887232,-0.0228047814485004
31,1.0,1.2035970457346397,4.8811716283407405,-0.10859899793010346,0.0006432574284051321,-0.006152011244696193,-0.6253585868861529,-8.36136715420821e-16,-0.006413116705138992,0.47726672655823765,-0.002780440538405038,6.938893903907228e-17,-0.4505802011286663,7.806255641895632e-17,0.21490016087239544,-0.13122970150833918,-4.926614671774132e-16,1.1102230246251565e-16,-6.143107513887232,-0.0228047814485004
31,1.0,1.2035970457346394,4.8811716283407405,-0.10859899793010346,0.0006432574284051668,-0.006152011244696068,-0.6253585868861531,-8.118505867571457e-16,-0.006413116705138982,0.47726672655823776,-0.002780440538405038,1.6653345369377348e-16,-0.4505802011286663,1.457167719820518e-16,0.21490016087239544,-0.13122970150833857,-6.106226635438361e-16,-1.3877787807814457e-17,-6.143107513887234,-0.0228047814485004
31,0.0,0.9864460241787943,-2.3013498796807594,-0.12744655950715694,0.003980074054515864,-0.005143208451255966,0.8694941005722361,2.255140518769849e-16,-0.21348304573262697,0.4633573630696957,0.012535630630626973,-1.1796119636642288e-16,-0.02763267346792067,-1.5612511283791264e-17,-0.033137231779637885,-0.16672814102374953,1.1796119636642288e-16,-2.42861286636753e-16,2.6408210663327774,-0.1258962252735879
31,1.0,1.2035970457346394,4.8811716283407405,-0.10859899793010346,0.0006432574284051668,-0.006152011244696068,-0.6253585868861531,-8.118505867571457e-16,-0.006413116705138982,0.47726672655823776,-0.002780440538405038,1.6653345369377348e-16,-0.4505802011286663,1.457167719820518e-16,0.21490016087239544,-0.13122970150833857,-6.106226635438361e-16,-1.3877787807814457e-17,-6.143107513887234,-0.0228047814485004
32,1.0,-0.4817993385783063,0.5920672688582356,0.11734296331483257,-0.05654982399129677,0.010596074604299295,-0.5778819902470906,1.5612511283791264e-17,-0.07264165282757566,-0.16595787826126684,-0.029051438825470986,-3.712308238590367e-16,-0.3488880139690433,-7.979727989493313e-17,-0.046873654702044666,-0.5807672062711629,-1.8735013540549517e-16,6.245004513516506e-17,-1.7347989026152484,-0.10741582352564338
32,1.0,-0.4817993385783063,0.5920672688582356,0.11734296331483257,-0.05654982399129677,0.010596074604299295,-0.5778819902470906,1.5612511283791264e-17,-0.07264165282757566,-0.16595787826126684,-0.029051438825470986,-3.712308238590367e-16,-0.3488880139690433,-7.979727989493313e-17,-0.046873654702044666,-0.5807672062711629,-1.8735013540549517e-16,6.245004513516506e-17,-1.7347989026152484,-0.10741582352564338
32,0.0,0.977762746127883,2.0522043489551107,-0.7073541225052589,-0.04063029588270302,0.013546665396641377,0.5292242675777649,-4.909267437014364e-16,0.16305639027863816,-0.19233464689027482,0.0058162600124431404,8.673617379884035e-17,-0.41609043611275565,4.5102810375396984e-17,0.39548187121193246,0.035383424612296224,-6.938893903907228e-18,1.457167719820518e-16,-0.9039046897657051,0.2605544439222087
33,0.0,0.8563640335104192,-3.9336006862494535,-0.4517514061341133,-0.027003172156769034,-0.04605276457287384,0.0357028608375228,5.93275428784068e-16,0.09105659447499861,-0.1330538112660846,0.01767737937856969,-2.788839038175839e-16,-0.901423806246611,3.686287386450715e-17,0.16754146936503717,0.2538593709380709,2.0816681711721685e-17,3.469446951953614e-17,-1.6347468273681356,0.01229540328113271
34,1.0,0.10854255020207393,-0.5244662103463618,-0.22941140941131827,-0.03428888683349455,-0.0004880597455200822,-0.5712731679411637,-7.112366251504909e-17,0.20474621330716491,0.020900446615758697,-0.005655248360959002,1.1102230246251565e-16,-0.0346347424749614,6.722053469410127e-17,-0.1413106953704988,-0.6936426909792138,1.3183898417423734e-16,-2.7907363919776884e-16,-0.05594707160458776,-0.044134161317490636
34,1.0,0.10854255020207393,-0.5244662103463618,-0.22941140941131827,-0.03428888683349455,-0.0004880597455200822,-0.5712731679411637,-7.112366251504909e-17,0.20474621330716491,0.020900446615758697,-0.005655248360959002,1.1102230246251565e-16,-0.0346347424749614,6.722053469410127e-17,-0.1413106953704988,-0.6936426909792138,1.3183898417423734e-16,-2.7907363919776884e-16,-0.05594707160458776,-0.044134161317490636
35,1.0,-1.2329361250853101,1.1771832690969786,0.7771444014488419,0.0414222540821845,-0.005748988329138654,0.13045071279916767,-5.377642775528102e-16,-0.13901203365693895,0.14723483240817078,-0.018956425911455008,-2.5673907444456745e-16,0.11859117720351683,-1.8214596497756474e-17,0.020206207990779622,0.08752424415027198,-1.3877787807814457e-17,-6.938893903907228e-17,-2.184367032177657,-0.06234656913369528
35,0.0,0.2373475925666446,-2.12405220440261,0.5005116677989438,-0.010950527775393973,-0.036971900919009995,0.6405836112200946,1.3270634591222574e-16,0.03565297305751389,-0.07079634908037807,0.024651172597593494,3.131175874138137e-16,0.15201281594624047,1.214306433183765e-17,-0.3919691974458991,0.2729569796677002,-1.5265566588595902e-16,4.163336342344337e-17,1.4032012672838459,0.4428899025323627
36,1.0,-0.561463416287631,0.2963586242234454,0.37662110759453626,0.0309209978108363,0.011787254234764472,0.07984658057923867,-3.677613769070831e-16,-0.09865893390994762,0.36332065583626244,0.002305772472475324,3.903127820947816e-18,-0.43628756844233996,5.204170427930421e-18,0.35632074085210735,-0.20113760182185536,-8.326672684688674e-17,-9.020562075079397e-17,-0.8177116169206153,-0.08278058451978029
36,1.0,-0.561463416287631,0.2963586242234454,0.37662110759453626,0.0309209978108363,0.011787254234764472,0.07984658057923867,-3.677613769070831e-16,-0.09865893390994762,0.36332065583626244,0.002305772472475324,3.903127820947816e-18,-0.43628756844233996,5.204170427930421e-18,0.35632074085210735,-0.20113760182185536,-8.326672684688674e-17,-9.020562075079397e-17,-0.8177116169206153,-0.08278058451978029
36,1.0,-0.561463416287631,0.2963586242234454,0.37662110759453626,0.0309209978108363,0.011787254234764472,0.07984658057923867,-3.677613769070831e-16,-0.09865893390994762,0.36332065583626244,0.002305772472475324,3.903127820947816e-18,-0.43628756844233996,5.204170427930421e-18,0.35632074085210735,-0.20113760182185536,-8.326672684688674e-17,-9.020562075079397e-17,-0.8177116169206153,-0.08278058451978029
36,0.0,-0.5721438603713098,-2.226744201560343,0.019361078662554265,-0.01541206647004623,0.022403392180615586,0.2925764216744503,3.2612801348363973e-16,-0.04926808077930059,0.3258779437073521,0.008619981214329171,-5.551115123125783e-17,-0.1069526589162855,8.782037597132586e-18,0.4520495472005974,-0.12709860889405863,7.632783294297951e-17,8.977193988179977e-17,-2.35297326896117,0.043448920296752715
37,0.0,0.5391237389245747,-5.869274237288751,0.3539514593449156,-0.0063707786840182384,0.06195081768850147,0.26547838467889817,3.174543961037557e-16,-0.009657608806641082,-0.09272859333304584,-0.0040654248031928315,-3.5908775952719907e-16,-0.7745600642681245,-1.1275702593849246e-17,0.09858735193271041,0.6540756937572347,-1.2836953722228372e-16,1.8041124150158794e-16,-2.4550532578595985,-0.1524989080203894
37,1.0,-1.7980630223482523,3.134133843174123,-0.3375216206596222,-0.0008746181230012556,-0.009512185740403564,0.7803094715563941,-4.579669976578771e-16,0.012321423550996871,0.3748759655109586,-0.005920561019726496,-2.983724378680108e-16,0.22591829738401675,-5.898059818321144e-17,-0.3460929263514838,0.09445118791272666,5.134781488891349e-16,-2.0816681711721685e-16,-3.114002964545168,0.09741821644355188
37,1.0,-1.7980630223482523,3.134133843174123,-0.3375216206596222,-0.0008746181230012556,-0.009512185740403564,0.7803094715563941,-4.579669976578771e-16,0.012321423550996871,0.3748759655109586,-0.005920561019726496,-2.983724378680108e-16,0.22591829738401675,-5.898059818321144e-17,-0.3460929263514838,0.09445118791272666,5.134781488891349e-16,-2.0816681711721685e-16,-3.114002964545168,0.09741821644355188
37,1.0,-1.7980630223482523,3.134133843174123,-0.3375216206596222,-0.0008746181230012556,-0.009512185740403564,0.7803094715563941,-4.579669976578771e-16,0.012321423550996871,0.3748759655109586,-0.005920561019726496,-2.983724378680108e-16,0.22591829738401675,-5.898059818321144e-17,-0.3460929263514838,0.09445118791272666,5.134781488891349e-16,-2.0816681711721685e-16,-3.114002964545168,0.09741821644355188
37,1.0,-1.7980630223482523,3.134133843174123,-0.3375216206596222,-0.0008746181230012556,-0.009512185740403564,0.7803094715563941,-4.579669976578771e-16,0.012321423550996871,0.3748759655109586,-0.005920561019726496,-2.983724378680108e-16,0.22591829738401675,-5.898059818321144e-17,-0.3460929263514838,0.09445118791272666,5.134781488891349e-16,-2.0816681711721685e-16,-3.114002964545168,0.09741821644355188
37,1.0,-1.7980630223482523,3.134133843174123,-0.3375216206596222,-0.0008746181230012556,-0.009512185740403564,0.7803094715563941,-4.579669976578771e-16,0.012321423550996871,0.3748759655109586,-0.005920561019726496,-2.983724378680108e-16,0.22591829738401675,-5.898059818321144e-17,-0.3460929263514838,0.09445118791272666,5.134781488891349e-16,-2.0816681711721685e-16,-3.114002964545168,0.09741821644355188
38,0.0,0.1948056141702222,-4.770297072198677,0.13698700153913385,0.02502437993644621,-0.02144683904434168,0.6589108544462016,7.134050294954619e-16,-0.0498672365711553,0.5493726352243476,-0.040394802421278936,-3.7470027081099033e-16,-0.6158185283741873,1.214306433183765e-17,0.23033213396977226,-0.5300865047393909,-1.3877787807814457e-17,-1.5265566588595902e-16,-0.9295093518974122,0.07094137225818312
39,0.0,-0.06752057403718362,-3.3793720118218773,-0.0696922708800491,0.016939609857014305,0.005640224235046943,0.4999007193648316,3.6808663755882876e-16,0.05477541915102577,0.40831373911478963,-0.022223838056707378,3.5388358909926865e-16,0.4113422494435564,-1.2836953722228372e-16,0.21390176420134469,0.08770011817100778,-4.891920202254596e-16,3.469446951953614e-16,-0.011928649044469775,-0.042803791353391143
39,1.0,-1.2923798579082157,1.3494934852343017,0.025283819216626136,0.02494428094395279,0.04961034873120231,0.5534971645231661,-2.896988204881268e-16,0.09080293494609672,-0.3625697432530776,-0.0907921010508696,-1.3704315460216776e-16,0.2533256222652908,3.382710778154774e-17,0.13650457830076285,0.5871819029989285,1.5959455978986625e-16,-3.677613769070831e-16,-0.43573381138816875,-0.13514925102640082
39,1.0,-1.2923798579082157,1.3494934852343021,0.025283819216626136,0.02494428094395277,0.049610348731202236,0.553497164523166,-3.0010716134398763e-16,0.09080293494609666,-0.36256974325307717,-0.0907921010508696,-1.7650811368064012e-16,0.2533256222652908,4.662069341687669e-17,0.13650457830076282,0.5871819029989283,9.020562075079397e-17,-3.191891195797325e-16,-0.4357338113881687,-0.1351492510264007
40,0.0,-0.04723428722681401,-4.189767549731806,-0.3523624497909519,0.02196422367687646,-0.017877117761276595,-0.09208271217440982,2.6020852139652106e-17,-0.05797803902661321,0.24919613940722937,-0.024878592845660682,-2.7755575615628914e-17,0.35530181570783037,-7.025630077706069e-17,-0.3372129069019366,0.5498960890959081,8.239936510889834e-17,-1.3530843112619095e-16,-2.0153494896225577,-0.24160224181779155
40,1.0,-1.0513872414457086,0.41070330660141535,0.3117993554179679,-0.030199539239396167,-0.04112199977299374,-0.060137831747633756,-2.6020852139652106e-16,0.0831598677974014,0.22265416497336618,0.16768660200819924,-1.8735013540549517e-16,-0.35993287338310465,1.214306433183765e-17,0.0691652958928843,0.22090345520977508,1.5265566588595902e-16,-9.020562075079397e-17,-0.7205507507878759,0.002426170593992763
42,1.0,-1.2491771127396203,1.0973383451853287,0.09320548135449945,-0.10906142519823822,-0.045741062124164615,0.3424666671177166,-8.673617379884035e-18,0.06107642970876212,-0.04493036830047788,0.08023061862527102,-1.491862189340054e-16,0.0863746788667737,-3.122502256758253e-17,0.5437507993127245,0.1599292345085648,1.1449174941446927e-16,-2.42861286636753e-16,-0.42879606981854224,-0.020791023492622202
42,0.0,0.03659142403984818,-0.25786651232885627,-0.2931750757183762,-0.13194962284501816,-0.1126309150215849,0.021496969347401147,-4.0939474033052647e-16,-0.12616170305935845,0.35865297725050854,-0.0344520720174367,-2.2898349882893854e-16,-1.0470261647571593,-6.591949208711867e-17,-0.31999067930396596,-0.028377971287993853,3.3306690738754696e-16,-1.1796119636642288e-16,0.37441622656699514,0.21949531827420632
43,1.0,1.6192885607162701,4.888280302259437,-0.5062040991112498,0.006686197055461231,-0.022878435777956688,1.537582039956217,-4.510281037539698e-16,0.02044591410231413,0.07925621700164064,-0.0024350886623408403,5.377642775528102e-16,-1.2208207419199006,1.7802599672211983e-16,-0.07079710811149083,0.3642010478214644,2.7755575615628914e-17,-2.740863092043355e-16,-0.7707153523993654,0.33865494428760157
43,0.0,0.817069187173554,-3.019982160673699,0.09466772479698687,-0.08668275058560651,-0.016614738114029522,0.49037989767433543,-5.551115123125783e-17,-0.03383797834137116,-0.13694433645995252,0.006793671419534575,6.418476861114186e-17,0.08367555952701562,-9.77950359581925e-17,0.001259181740676553,-0.43534913830811356,-6.938893903907228e-17,2.7755575615628914e-17,1.0038482564134579,0.021619531132147082
44,1.0,0.5214082421852402,-0.11886074070828045,-0.3377371916782896,0.01046264370504114,0.00941348494485696,-1.0644668167323776,-1.734723475976807e-16,-0.01860123865318155,0.34467607396319466,0.028177715484836073,4.5102810375396984e-17,0.02928335650144348,1.6479873021779667e-17,-0.39956314832266987,-0.5841919033357652,2.5847379792054426e-16,6.245004513516506e-17,0.2957591578951619,0.04882528227169455
44,1.0,0.5214082421852402,-0.11886074070828034,-0.3377371916782896,0.01046264370504122,0.009413484944856984,-1.0644668167323776,-1.5959455978986625e-16,-0.018601238653181595,0.34467607396319444,0.028177715484836073,2.2551405187698492e-17,0.02928335650144348,3.903127820947816e-18,-0.39956314832267004,-0.5841919033357654,1.425454806275317e-16,7.28583859910259e-17,0.29575915789516183,0.048825282271694685
45,1.0,-0.4568607724989694,3.7306562849714417,-0.027775883411561342,-0.019252006126687093,0.17231630498702113,-0.2878920739348938,-7.251144129583054e-16,0.03361539640833816,-0.06765789154074466,0.0073754250391702345,-2.8449465006019636e-16,0.06753519911346978,5.724587470723463e-17,0.04569564263633642,-0.11970318446133507,2.220446049250313e-16,-2.0816681711721685e-16,-3.648828804382358,-0.10221308231615706
45,0.0,-0.9469625419891532,-3.7850174250861555,-0.0679101784708998,0.0023997009689142174,-0.02030761715153685,0.08403310011354981,2.194425197110661e-16,0.050489599296775295,-0.336025964343118,0.04087037065388932,-3.5388358909926865e-16,-0.6070325860061825,2.7403209909571125e-17,0.24516884560171812,-0.108504060467277,-3.9898639947466563e-16,1.5612511283791264e-17,-3.42931397911783,-0.012964524865957325
46,0.0,0.3507795185538882,-1.9732903808378064,0.4878789865775501,0.08935470185328137,0.01497265276360333,-0.10262878666541703,-1.5092094240998222e-16,0.1866811239679799,-0.5231262020916774,0.0068158604783418834,1.734723475976807e-17,0.7011539419398412,-1.734723475976807e-17,-0.1856449099321242,-0.5166864317319452,1.0408340855860843e-16,5.551115123125783e-17,1.8364979146032643,-0.07043421783616435
46,1.0,-0.5551988274617671,1.1588416586899344,0.18068439353343985,0.07220545501421338,-0.13311948062768356,-0.5994512449800213,2.0816681711721685e-17,-0.15796389123449703,-0.16703565181880498,0.03875041605081825,-7.632783294297951e-17,-0.25793643387606574,-1.5612511283791264e-17,-0.05683527633681174,0.37546134315312,4.163336342344337e-17,2.0816681711721685e-17,-0.5932806298753378,-0.3126403929508812
47,1.0,0.08548964692814343,2.919337635939918,-0.057693117240686154,-0.03161203164809841,-0.008270740588651383,0.7199384630338457,-2.3245294578089215e-16,-0.044589255378558144,-0.8209345657967791,0.010956620098730746,-4.85722573273506e-17,-0.15628800760688893,1.734723475976807e-17,-0.11453042153897894,0.2652853263940393,-9.71445146547012e-17,-2.220446049250313e-16,-1.0737830025794866,-0.2694665415771504
47,1.0,0.08548964692814381,2.919337635939918,-0.057693117240686154,-0.03161203164809841,-0.00827074058865132,0.7199384630338457,-2.3765711620882257e-16,-0.044589255378558096,-0.820934565796779,0.010956620098730746,-8.326672684688674e-17,-0.15628800760688893,4.5102810375396984e-17,-0.11453042153897933,0.2652853263940395,-8.326672684688674e-17,-2.220446049250313e-16,-1.0737830025794866,-0.26946654157715044
47,1.0,0.08548964692814343,2.919337635939918,-0.057693117240686154,-0.03161203164809841,-0.008270740588651383,0.7199384630338457,-2.3245294578089215e-16,-0.044589255378558144,-0.8209345657967791,0.010956620098730746,-4.85722573273506e-17,-0.15628800760688893,1.734723475976807e-17,-0.11453042153897894,0.2652853263940393,-9.71445146547012e-17,-2.220446049250313e-16,-1.0737830025794866,-0.2694665415771504
48,1.0,-0.39318468427732445,-0.83093877010341,0.11944006786373457,0.0553017569143832,-0.05193678792101304,0.023585818842763423,-8.326672684688674e-17,0.008889252960510855,0.39967497176406186,-0.0011036389288442,1.968911145233676e-16,-0.18330763777181724,5.204170427930421e-17,0.08995848541467798,-0.3686046037413082,2.0122792321330962e-16,-1.942890293094024e-16,-0.03659332671146963,-0.31923464938333396
48,0.0,-0.7376875436987553,-2.4636054481524607,0.3593780189511672,-0.013518333142137962,-0.045083367801269064,-0.7985238489435373,-4.510281037539698e-16,-0.1553092022272457,0.10535696182740847,-0.03062486140862325,-1.8041124150158794e-16,0.17935419183385531,-4.683753385137379e-17,-0.3231840369454378,0.33208219597850325,-1.8041124150158794e-16,-8.326672684688674e-17,-3.875552702417532,0.011482144594348362
49,1.0,-0.49522652969280057,0.9392620658263623,0.728048719275505,0.07527279371290668,-0.07917461856251132,-0.29096089432189554,-3.2439329000766293e-16,0.12780420895548195,0.05663932637340449,-0.04194211870483068,1.6653345369377348e-16,-0.3823165224382571,-3.469446951953614e-17,0.32662836546804547,-0.14525435879981055,-6.938893903907228e-17,-5.828670879282072e-16,-0.554578607608496,0.12685326872150826
49,0.0,0.22267137753010896,4.959940105055295,0.09982811578503753,0.000869236120062844,0.004272794241171489,-0.4505656945211242,3.5041414214731503e-16,-0.03204746556203648,-0.49612986782263335,-0.001914075454275764,-7.632783294297951e-17,0.12947556553541423,7.24247051220317e-17,-0.2149974614265076,0.8555754441983697,-4.163336342344337e-16,-1.942890293094024e-16,-6.713379140840375,0.3978808161484607
51,1.0,0.051400949541337934,0.5013562898458179,-0.2221224017582577,0.05976817841395017,0.09642236368087638,0.1912468041156158,-7.979727989493313e-17,0.0736298881175709,0.1094483545249029,0.018143997646697916,6.938893903907228e-17,-0.7051916018006281,3.469446951953614e-17,-0.17587065290474568,0.38003855277209636,-1.3877787807814457e-17,-2.1163626406917047e-16,0.5148483936115529,0.2353480796395358
51,0.0,1.7497166826886694,-2.430627572471841,0.9403008058512913,-0.004386704902347854,0.007572535947004305,0.2894475696455383,2.3418766925686896e-16,-0.04858316251208694,-0.9283439405644918,0.002321908961538652,1.9081958235744878e-16,-0.37652052240854067,9.974659986866641e-18,-0.48269872831224125,-0.8253520195283021,-2.0122792321330962e-16,7.632783294297951e-17,3.8228502266426543,-0.17676559100467168
51,1.0,0.051400949541337934,0.5013562898458179,-0.2221224017582577,0.05976817841395017,0.09642236368087638,0.1912468041156158,-7.979727989493313e-17,0.0736298881175709,0.1094483545249029,0.018143997646697916,6.938893903907228e-17,-0.7051916018006281,3.469446951953614e-17,-0.17587065290474568,0.38003855277209636,-1.3877787807814457e-17,-2.1163626406917047e-16,0.5148483936115529,0.2353480796395358
52,1.0,0.43240398099977484,2.815369036504693,-0.7830597591891306,-0.01296977075566998,0.03198959283574943,0.5760351002242495,-5.412337245047638e-16,-0.09705274454019025,-0.04128413834131149,-0.014659382294656971,-1.1622647289044608e-16,-0.9638861640914247,1.2555061157382141e-16,-0.1510520143731359,-0.22207668998615113,-7.632783294297951e-17,-4.119968255444917e-16,-0.40930960475118255,-0.20137167612697568
52,1.0,0.43240398099977484,2.815369036504693,-0.7830597591891306,-0.01296977075566998,0.03198959283574943,0.5760351002242495,-5.412337245047638e-16,-0.09705274454019025,-0.04128413834131149,-0.014659382294656971,-1.1622647289044608e-16,-0.9638861640914247,1.2555061157382141e-16,-0.1510520143731359,-0.22207668998615113,-7.632783294297951e-17,-4.119968255444917e-16,-0.40930960475118255,-0.20137167612697568
52,0.0,0.6919601667573725,-2.0452593868998914,0.05799657503828318,-0.005843573054028203,-0.019930227130304706,0.48620694210729626,2.3418766925686896e-16,-0.050396798546103926,-0.11038588929092433,0.007139592771824847,8.326672684688674e-17,-0.9002945594052754,-8.500145032286355e-17,-0.6288270824757204,-0.5391938773713815,-4.0245584642661925e-16,-9.71445146547012e-17,2.04995605066934,-0.25157452558966936
53,0.0,0.6131300956675867,-4.679350468707561,-0.1390343481524074,0.0069447682940227615,-0.07562877084516076,0.46162294584446334,4.683753385137379e-16,0.0007515601723911691,0.1577567759126197,0.005208033426134712,1.0061396160665481e-16,0.15158302233874407,-7.806255641895632e-17,-0.4699482191959979,0.4743069185654406,3.5041414214731503e-16,2.3765711620882257e-16,-1.6020922648358953,0.3579361604398157
53,1.0,-1.4891308589978685,1.1583702953228703,0.11413947656674614,0.0006454709526507729,0.0013010380695272772,0.10112148628985233,1.1084883011491797e-15,0.009635467136761458,-0.18451264914940768,0.0004370353455139288,5.957690937807847e-16,0.3663150613145809,5.797445856714489e-15,0.20253873852079515,-0.5333363629429753,-1.249000902703301e-16,6.557254739192331e-16,15.191930809382368,-0.006024334163137579
53,1.0,-1.4891308589978687,1.1583702953228694,0.11413947656674614,0.0006454709526504121,0.0013010380695273813,0.10112148628985197,9.376180387654642e-16,0.009635467136761305,-0.18451264914940702,0.0004370353455139288,5.516420653606247e-16,0.3663150613145809,5.914539691342924e-15,0.20253873852079574,-0.5333363629429763,-5.898059818321144e-17,9.54097911787244e-16,15.19193080938237,-0.006024334163137773
54,1.0,-0.5378921236614294,0.3103138154520919,-0.10644491476496154,-0.02680830685791191,-0.04072336996334202,-0.32510345146222264,-2.5240226575462543e-16,-0.030297823060847502,-0.4109099878709064,-0.01485894035590156,-2.0773313624822265e-16,-0.15337471067716832,-2.7755575615628914e-17,-0.009291881740034678,-0.3542039432188967,-1.0408340855860843e-16,-1.249000902703301e-16,-0.9144327728049952,-0.05031187153103653
54,0.0,-0.020355859737649168,-0.25102754051925585,0.07712685659471101,0.15914702690860583,-0.0007218791093123282,0.3556230483563602,-2.8362728832220796e-16,0.1640217532262678,-0.2373972176588402,0.0029111775317217058,2.3418766925686896e-16,-0.44538693831713105,2.983724378680108e-16,0.43297069923705006,-0.12788341723069932,-1.5265566588595902e-16,-1.942890293094024e-16,0.11545550721455686,0.07443787863410836
54,1.0,-0.5378921236614294,0.3103138154520919,-0.10644491476496154,-0.02680830685791191,-0.04072336996334202,-0.32510345146222264,-2.5240226575462543e-16,-0.030297823060847502,-0.4109099878709064,-0.01485894035590156,-2.0773313624822265e-16,-0.15337471067716832,-2.7755575615628914e-17,-0.009291881740034678,-0.3542039432188967,-1.0408340855860843e-16,-1.249000902703301e-16,-0.9144327728049952,-0.05031187153103653
55,0.0,0.17369997014629462,-2.293024805022901,0.2097246540817002,0.07241935343384688,-0.04094492882320372,-0.6195572546556952,-2.740863092043355e-16,-0.14295925696669431,0.26984840897233947,-0.06233026127573029,-2.7755575615628914e-17,0.24843392486156313,-2.4936649967166602e-17,0.5426907427617071,-0.5133915659529721,1.942890293094024e-16,2.0122792321330962e-16,-1.4112366946192259,0.23596193915078112
56,0.0,-0.18145112603408783,-0.6536827857406554,-0.4943212533987143,0.08062324864810277,0.07147673009308331,-0.8599288723319681,-1.9081958235744878e-16,-0.17118165570893357,-0.05630998196566689,0.07119142292584583,-4.7704895589362195e-17,0.06298876124883102,-5.908901840045999e-17,-0.263663568347219,-0.20158675742508111,2.7755575615628914e-17,2.0122792321330962e-16,-2.3467831423829435,0.12320606218461501
57,1.0,-0.9249948368619404,0.7506462945407937,-0.24505160255088498,0.0019590090009829093,-0.01660955283266907,0.3483286685822593,-5.0133508455729725e-16,0.0030046326260883306,-0.6053665169859059,0.0018338317100741915,4.163336342344337e-17,0.3299301943513233,-1.2555061157382141e-16,0.37066317721218645,-0.6068052415437631,-6.938893903907228e-17,-6.800116025829084e-16,-1.9864689062354088,0.3012243116596286
57,1.0,-0.9249948368619404,0.7506462945407937,-0.24505160255088498,0.0019590090009829093,-0.01660955283266907,0.3483286685822593,-5.0133508455729725e-16,0.0030046326260883306,-0.6053665169859059,0.0018338317100741915,4.163336342344337e-17,0.3299301943513233,-1.2555061157382141e-16,0.37066317721218645,-0.6068052415437631,-6.938893903907228e-17,-6.800116025829084e-16,-1.9864689062354088,0.3012243116596286
57,1.0,-0.9249948368619404,0.7506462945407937,-0.24505160255088498,0.0019590090009829093,-0.01660955283266907,0.3483286685822593,-5.0133508455729725e-16,0.0030046326260883306,-0.6053665169859059,0.0018338317100741915,4.163336342344337e-17,0.3299301943513233,-1.2555061157382141e-16,0.37066317721218645,-0.6068052415437631,-6.938893903907228e-17,-6.800116025829084e-16,-1.9864689062354088,0.3012243116596286
57,1.0,-0.9249948368619404,0.7506462945407937,-0.24505160255088498,0.0019590090009829093,-0.01660955283266907,0.3483286685822593,-5.0133508455729725e-16,0.0030046326260883306,-0.6053665169859059,0.0018338317100741915,4.163336342344337e-17,0.3299301943513233,-1.2555061157382141e-16,0.37066317721218645,-0.6068052415437631,-6.938893903907228e-17,-6.800116025829084e-16,-1.9864689062354088,0.3012243116596286
58,0.0,0.5846399878402673,1.9167867055045147,0.29853311202398675,0.02179496363907149,-0.04879293366806016,-1.448273621216441,-2.393918396847994e-16,-0.027803189533006294,-0.007881149342650107,0.0005023921274755552,-3.191891195797325e-16,-0.6713800227127443,4.85722573273506e-17,0.4399415958869562,0.6174803988544993,4.3021142204224816e-16,1.5265566588595902e-16,0.8336409973147882,0.2869103024880442
59,1.0,0.40520749053666694,1.5696606092391499,-0.4253084804027317,-0.0022889945590233857,0.0035661614739712494,-0.5699949746437762,-2.0469737016526324e-16,-0.0493811659996328,-0.2890237309132392,-0.001967450350117937,-3.972516759986888e-16,0.3457304507045407,6.982261990806649e-17,0.025668734104912855,0.656404252297061,-4.579669976578771e-16,5.238864897449957e-16,-4.698301842356565,-0.3602408013680946
60,0.0,1.5768230953268416,-0.30117856718289243,0.26447274323361586,-0.009613908893466,0.010504815885984606,-0.8392367125564254,9.367506770274758e-17,-0.08585775536876077,0.25562860576350244,0.0484268477572383,-2.1510571102112408e-16,-0.34161889176896115,-1.214306433183765e-17,-0.0421443970408081,1.2219755646319397,1.249000902703301e-16,-2.2898349882893854e-16,3.1700208880869907,-0.015624496612420756
60,1.0,0.7431914335112683,1.1282279162019893,-0.14053133556781286,0.032978503985607144,-0.06624785685596006,-0.10407161473731566,-6.071532165918825e-17,-0.017114102020210457,-0.3502621325348919,0.012170911142871532,1.9136168344369153e-16,-0.06256708463944136,1.3921155894713877e-16,0.2665358757098829,-0.6550879215096594,-2.983724378680108e-16,3.2959746043559335e-17,-2.456183909039792,-0.28052511309364786
61,1.0,0.33877841803071085,-0.416084114004904,0.12788315346625936,0.0253395949671094,-0.011243640797159647,-0.47241084573236397,3.165870343657673e-17,-0.12891849752502177,0.25343526332018773,-0.004480326094911738,7.806255641895632e-17,-0.7060253328491009,-2.6020852139652106e-18,-0.019249048757884385,-0.2468507604099376,-2.0816681711721685e-17,9.71445146547012e-17,1.5421917876931128,-0.03703961066557504
62,0.0,-0.7791312274805785,0.27766025760776397,1.282541056523735,0.0029985480569004255,0.05461842976800726,0.31491084886674203,-4.206704429243757e-16,0.025926978757934798,0.07261899742354955,0.003898226014723654,1.3704315460216776e-16,-0.4462139786328317,-7.025630077706069e-17,-0.17491157386339273,-0.24079302019244173,-2.641116492174689e-16,-2.2551405187698492e-17,-2.9677431718300444,0.21009046947718077
63,0.0,0.10668602661337198,-3.6579789411552377,-0.3812068689962301,0.002942164881310272,0.05684901211917864,-0.6112269111119877,-5.421010862427522e-18,0.06730291538726652,-0.1020455475596253,-0.004838889261806353,-2.42861286636753e-16,0.6516986722357173,-8.933825901280557e-17,0.47253893523090934,0.38877873273965924,-2.636779683484747e-16,3.5388358909926865e-16,-1.2876330495591484,-0.38554053820401324
64,0.0,1.5594434038886158,8.530482104005054,-0.24421677925968824,-0.0038812934921548525,-0.0030068306320121876,0.5139674030894231,-7.025630077706069e-16,0.009376047189394651,-1.0389207422396616,-0.002564218288731896,-6.245004513516506e-17,0.26482384859719416,1.8127860323957634e-16,0.011416090550488346,-1.2786575502379174,4.85722573273506e-17,7.632783294297951e-17,2.0058145224740063,0.3947700417234731
66,0.0,0.7151214787659463,-1.3003343504424676,-0.010512188262926223,-0.06405623287485723,-0.009660041295909196,-0.06990397929013886,2.177077962350893e-16,-0.0036775652020641474,0.2253617654180075,0.053290369073235436,4.544975507059235e-16,0.15140159092780292,7.979727989493313e-17,0.18565840912697198,-0.4082156313523105,4.0939474033052647e-16,7.355227538141662e-16,0.6789608628760155,0.3500007935239575
68,0.0,-0.2923061667318834,0.9952947084228988,0.20159659052719592,0.0005539167977145626,0.038626451939708525,-0.603180683056582,2.6020852139652106e-17,0.08781745807250817,-0.013125277306246172,0.01015452836352953,-4.163336342344337e-16,-0.042536096733755704,-2.0469737016526324e-16,-0.033234193609510104,-0.3098910988234233,-1.491862189340054e-16,-6.938893903907228e-16,-4.0393063647010425,0.11783466142673522
69,0.0,-0.1789663108347167,-2.806212004847997,-0.11587702545134428,-0.018397749016261934,-0.03859303037315785,-0.3378063954087345,2.738694687698384e-16,0.18533086378864658,0.20987468743501808,0.007862486538109174,-2.393918396847994e-16,0.9357233142092649,-2.0729945537922845e-16,-0.07178873546512327,0.17204842441869322,-8.326672684688674e-17,4.163336342344337e-17,-0.4766939113292719,0.18024618792360955
71,0.0,1.2145220769382072,-2.5685790132490633,-0.07361909408263334,0.015126550124213982,0.00109749242051182,-0.9642976072353742,2.0946785972419946e-16,0.029187848323981212,-0.06787995831620067,0.004594264076201346,-2.2898349882893854e-16,-0.7952041079750406,-5.984795992119984e-17,-0.7623034773803901,-0.3005186357507524,-1.4224732503009818e-16,-5.551115123125783e-17,0.20229276899783236,0.22878826660517343
74,0.0,0.32492886045227215,-1.3268033993747892,0.5269226495066,-0.026627792907879727,0.012218955519956904,0.06391392929077186,-7.632783294297951e-17,-0.025712483800474292,0.6003193678817882,-0.023474560752912613,-1.0408340855860843e-16,0.10441228235061786,2.42861286636753e-17,0.058255707510394036,-0.693880582942946,4.996003610813204e-16,-1.3877787807814457e-17,1.3643190311820625,0.1700513685255628
75,0.0,-0.5845782018359479,-1.442742706336765,0.07372431926883853,-0.11355248074488858,0.061831787797527335,-0.4275375033612649,-1.7867651802561113e-16,0.044673564797634,-0.354464356655301,-0.15591978391634748,5.811323644522304e-17,0.022108004128697727,9.063930161978817e-17,0.12558499773642212,-0.15775899340495572,-6.938893903907228e-17,-2.7755575615628914e-17,-0.8339715842043995,0.17051943826627886
76,0.0,0.26748290573252353,-4.643502763434583,-0.09159308221744146,-0.006992190728875587,-0.0007858422514839189,-0.3775730954796019,3.0357660829594124e-16,-0.01845655138629125,-0.2730835736818653,0.011205110692953362,-4.787836793695988e-16,0.2985155678427303,-3.0704605524789486e-16,0.1815765597556333,0.8169786113418902,-3.469446951953614e-16,2.220446049250313e-16,-2.432121227620525,0.3169232250655222
77,0.0,0.27956643021413663,-4.910406950892955,0.5709511849068254,-0.009992726280327421,0.025896231574395905,0.7054210141197311,1.5612511283791264e-16,-0.01931885825928096,0.3395081760598949,0.025746160892761837,-4.163336342344337e-17,-0.2604189826880675,-1.1796119636642288e-16,-0.006218896137260406,1.041088370571565,-4.85722573273506e-17,-2.1510571102112408e-16,-1.4394386205827503,-0.0762470817278912
79,0.0,0.21933486709221106,-0.3484953100349927,0.1484829984977754,-0.0013657812943536178,0.007739897317466056,1.111321874231461,1.2888995426507677e-15,-0.020091377287421525,0.062101031422008415,-0.00023586590674512867,-2.7668839441830073e-16,0.2676406513519045,-4.336808689942018e-17,0.1142076304205245,-0.47387595542713923,-3.122502256758253e-16,2.7755575615628914e-16,4.451725316022024,-0.4417167589646835
80,0.0,-0.8902751366587045,0.5352824418166727,0.32859620142406687,-0.024598393949025875,-0.039941627032133706,-0.13945034297081016,4.5102810375396984e-17,0.01785832700750334,-0.04955969590408252,-0.02315888588668403,-4.163336342344337e-16,0.1374203150174721,1.5092094240998222e-16,0.21598263619553265,-0.38314184441206567,-1.6653345369377348e-16,-5.689893001203927e-16,-3.0280591541103457,0.04402693832252226
81,0.0,1.0421360430108333,-1.00584255014553,0.11348638608562489,0.039808824097556754,0.09316675563758997,-0.22363575340092057,-9.020562075079397e-17,-0.019734779742061108,-0.35546340942604415,-0.016794241633239917,-5.204170427930421e-17,-0.26880341472236446,-5.2475385148298415e-17,-0.09577497696744175,-0.2835207672134413,-7.632783294297951e-17,3.885780586188048e-16,1.8959172505306634,0.270024171017458
82,0.0,-0.14686084672018979,-1.9497451137264314,-0.5958992440549526,0.013817134333037287,0.017145653490030353,-0.20839856857815495,3.191891195797325e-16,0.06624087715664503,0.6998777961019428,-0.0019484108648856443,-7.494005416219807e-16,0.11720178406458263,-2.393918396847994e-16,-0.07026593773877027,-0.5056148212223388,5.273559366969494e-16,-1.1102230246251565e-16,-0.8012517054179114,-0.16792487446841659
83,0.0,1.3198859551433546,-0.07882261059996085,-0.009238685914817857,-0.014328771234843524,-0.00748503815262147,0.06841693172055953,7.615436059538183e-16,0.05574589412862688,-0.7133234376368041,0.013081670077379717,3.95516952522712e-16,1.1281065074899186,2.463307335887066e-16,-0.022108576527635725,0.8368165894572998,4.440892098500626e-16,5.551115123125783e-16,3.1219360569587717,-0.23608759660825132
84,0.0,1.0272677288931293,0.2525158037261867,0.10516231720054314,0.005148016780513465,-0.019929369910732922,-0.44858195564433,1.6653345369377348e-16,-0.018793209848244473,0.3578812213767528,-0.061885039214918204,6.938893903907228e-17,-0.5878693689459991,-3.8163916471489756e-16,-0.17884630205322785,0.8933339781315575,-5.065392549852277e-16,2.3765711620882257e-16,-1.2073949365808025,0.06327962044782666
85,0.0,-0.6977258695143226,1.2391920884794358,-0.256777651233472,-0.008370127507187443,-0.04585536718512101,0.24799758476986,-1.1102230246251565e-16,0.0822133196682438,0.6557722557710906,0.05503814440834169,-2.2551405187698492e-17,-0.40108403993413705,2.168404344971009e-17,0.4649915277883552,0.14421907129507022,2.983724378680108e-16,-1.457167719820518e-16,-0.4643166418746007,-0.09375015645898406
86,0.0,0.4793235156142652,-2.104714338160553,-0.6563580050079275,0.007644364087915773,0.06656771501569074,-0.9863016004138481,-8.673617379884035e-18,-0.11109617200486396,-0.1532867811445451,-0.008276269667209343,-4.510281037539698e-16,0.15895073426008569,-1.717376241217039e-16,-0.21042640644996818,-0.2255158619664423,-3.469446951953614e-18,-2.498001805406602e-16,0.5367559951883923,0.09673360780816884
87,0.0,1.558353251612392,-5.36007985078661,0.30520459305118564,-0.003753591763068276,0.0026905231017872733,0.8490844917174863,-8.326672684688674e-17,-0.001089780758869889,-0.15649981189202772,0.0011011005824016068,7.632783294297951e-17,-0.571735885413978,-3.191891195797325e-16,-0.5025175463527558,1.1386940988898644,1.3877787807814457e-16,-1.942890293094024e-16,-2.826539330617896,0.08303057997690044
88,0.0,-0.02065575694991776,-1.1140144583731824,-0.09789888183160825,-0.047836982259143276,0.01665637431383407,-0.4323267866799785,-1.2836953722228372e-16,-0.06854321467657498,-0.08558992956195571,-0.003852074056171547,-2.7755575615628914e-17,0.21628144128323676,-3.0335976786144414e-16,0.20149155217656453,0.12722820126853418,1.2836953722228372e-16,-2.0816681711721685e-17,-2.7765396749111764,0.05661122288425555
90,0.0,0.13985480567326003,-1.40644489607648,0.5519349358197086,0.0003851226815828612,-0.004265799050585717,-0.4544327368593975,2.393918396847994e-16,-0.04527391169830244,-0.8203576601819865,0.017272956860668952,4.2327252813834093e-16,0.8537889198124703,6.938893903907228e-18,0.43408215655289667,-0.01863125794151938,2.7755575615628914e-16,2.3592239273284576e-16,0.6322780208347604,0.09291029971641085
91,0.0,0.4010712854756415,-4.6119159773951255,-0.4445607529057795,0.0052624312558801345,-0.014126863164386692,-0.2808931830465706,5.134781488891349e-16,0.03373248795287522,0.16945947601180075,-0.0071745898897326785,-1.249000902703301e-16,0.442375591792521,6.591949208711867e-17,-0.3290945475196708,1.2433198913396062,1.942890293094024e-16,3.5735303605122226e-16,-1.022066131543558,-0.09588178482133493
96,0.0,0.5433108625702784,1.9325894980278475,-0.15664848155752753,0.006954586782156796,-0.025342010123906918,-0.40415548664721734,4.5102810375396984e-17,0.00013870573350898904,-0.24631862660597795,-0.019581573962925064,6.938893903907228e-17,-0.021809944748063158,1.5612511283791264e-17,0.19295793286608987,-0.28043152393329396,-2.7755575615628914e-17,1.249000902703301e-16,-2.604590228648451,-0.0008204880897342143
98,0.0,1.0240869494924165,2.485603698832743,0.15958990194782452,-0.049175304421796975,0.04225751139990833,-0.4267887516887991,-3.469446951953614e-17,-0.08472821706998039,-0.18918995403299332,-0.030066584984982422,-8.239936510889834e-17,0.1969070573573949,2.0903417885520525e-16,0.0383778299407748,0.9173631979447766,1.5612511283791264e-16,-1.6653345369377348e-16,2.0774018372532153,-0.0836511436018544
99,0.0,-0.4701459987103559,-3.5757934611834026,-0.01049288241759136,-0.06670712563782595,0.08608423264838747,-0.5005487100218207,-1.0755285551056204e-16,0.07692690364960614,0.2870151562416682,0.057008529137756586,-6.730727086790012e-16,-0.31953773087384674,-1.6089560239684886e-16,0.05731857823232556,0.48614772348261487,1.6653345369377348e-16,-9.020562075079397e-17,-2.626865483664396,-0.059851817533322214
100,0.0,0.9565466435647528,-0.868627073748111,0.167570846973041,-0.017262272795580305,0.04157580207587226,0.10491287154685199,-2.0816681711721685e-16,-0.13324825321717482,0.2785534182940684,0.0195731597572774,5.230191280070073e-16,-0.3529783456667502,1.43982048506075e-16,-0.5961862388011595,-0.8319302548243244,2.0816681711721685e-16,9.71445146547012e-17,1.4228851103860671,0.16760317707527464
101,0.0,-0.6809782737121239,-1.789871155902223,0.4297455606246179,-0.04077964407955993,0.08562827265322195,0.5170268378747989,4.3021142204224816e-16,0.03380449777654279,0.15044016542630367,0.03491357153121039,4.718447854656915e-16,0.2717409221389286,-1.1796119636642288e-16,-0.06547170855835062,-0.4310958290706878,2.498001805406602e-16,-1.1102230246251565e-16,0.1226869383095488,-0.22358514272377059
102,0.0,2.022374044904927,-3.958703808847868,0.21934866875814163,0.002268128032708143,0.005526969839326223,2.1545659350925903,2.706168622523819e-16,0.0355891116609309,-1.018452038385944,-0.0036152657863219744,-6.643990912991171e-16,-0.7428658135830003,-5.230191280070073e-16,0.13670783351430751,0.026501061657334846,1.8735013540549517e-16,-3.0531133177191805e-16,-2.738442098881901,-0.2727027153039763
103,0.0,-0.2028909368081213,-1.2664986715614166,0.5074394078078263,0.0017590077217441227,0.0014135211931169157,-0.5661974541822774,-7.28583859910259e-17,0.2550905259034623,-0.3652004973942684,0.03189080528978576,-1.942890293094024e-16,-0.08005324315228546,-3.608224830031759e-16,-0.3764743273528588,0.06515138407164395,-8.938162709970499e-16,1.5612511283791264e-16,-3.826046867774848,-0.00344301583653938
105,0.0,-0.6995646050624326,-1.7999832773603328,-0.28487405056619336,-0.0014289156545389745,-0.004029456306203973,0.290564727351438,3.8424124992886277e-16,-0.07952874965356976,-0.6242060941446003,0.06249041379177052,-5.724587470723463e-17,1.064443876758533,-1.43982048506075e-16,0.22997204360031842,0.19347675454512503,-1.214306433183765e-16,-2.5673907444456745e-16,-0.5102300573548377,-0.138276954063945
107,0.0,-0.180705192677177,-2.3046587229519004,-0.17686500352808782,-0.057352278743928044,0.004991434394510778,-0.36413137833446474,-5.551115123125783e-17,-0.04598337555639419,0.2028985575754557,0.0519471689344554,-1.196959198423997e-16,0.5728722093789173,-1.2728533504979822e-16,0.3907652193360822,0.08323221778909626,-1.1796119636642288e-16,1.5265566588595902e-16,-0.9879941067740329,0.23284347121407487
108,0.0,0.9154846931557002,-1.1752793658347322,-0.06458427015142625,0.001628910948567014,0.005240873387182238,-0.7733920406027742,-4.787836793695988e-16,0.02312063351161358,-0.3330412832597528,-0.003356844572257378,-1.942890293094024e-16,-0.5553581750382286,3.2612801348363973e-16,0.4355000226308595,1.4276398089428755,2.706168622523819e-16,7.424616477180734e-16,0.4861376720864592,0.15022088780954582
110,0.0,0.16025926635697757,0.45569503559109115,0.7511365748890435,0.0058525837429822605,0.03160871628686525,0.7752507879713542,-2.6107588313450947e-16,-0.018393948797585394,-0.4277851595406048,-0.0038864423486935085,2.5608855314107615e-16,0.5491050942942715,-3.5995512126518747e-16,-0.33181577742467694,0.7934272976491944,-2.636779683484747e-16,-9.367506770274758e-17,-0.812470108441576,0.17101030451210575
114,0.0,0.3272746666992766,-0.3533614901043498,-0.12856067771443094,0.0003377980594609642,-0.0045236070117111535,-0.31295020650518557,-1.9081958235744878e-16,0.008211225617763326,-0.6344793952654458,0.00018766397075288847,8.89913143176102e-16,0.1522605010815702,8.014422459012849e-16,-0.7716595330165134,0.6027861824171238,-3.885780586188048e-16,4.2327252813834093e-16,-0.9190276586254242,-0.2728068382234203
117,0.0,-0.3259933210791767,-0.537070283188053,0.22181374324489972,-0.07118245928763348,-0.06439854328568322,-0.7321139371853169,1.1188966420050406e-16,-0.042839943320878156,0.0557939662048299,-0.06485362143980206,2.498001805406602e-16,1.0279086707445124,-2.0729945537922845e-16,0.31961712340208476,0.39222206821280664,-6.245004513516506e-17,2.463307335887066e-16,-0.3552751814286631,-0.1146100326790375
118,0.0,0.032555389044957146,-3.183170974016746,-0.11615526756999522,0.05986196359117699,0.05415183347227394,-0.5130314374907036,1.5439038936193583e-16,-0.053302481054483035,0.44154909503069084,-0.002244570841602569,2.393918396847994e-16,0.8889517796892822,-2.445960101127298e-16,0.4152908488842713,0.020887462608768385,-6.245004513516506e-17,3.7470027081099033e-16,-1.3415453833658397,0.046949713280893306
119,0.0,0.8455054843004293,-3.239084799179828,-0.5552421675695841,0.04399503582936616,-0.006077437226569428,-0.5511572819042265,5.551115123125783e-17,-0.08492177524274652,-0.015281157162204323,-0.019836702420660837,1.734723475976807e-16,0.43363515166693933,-7.806255641895632e-16,0.35178910925319284,-0.4427476455340562,1.5959455978986625e-16,2.706168622523819e-16,-0.0285611173665401,-0.28866589245289775
120,0.0,0.6479863354199382,-2.8487950432876605,0.5575420670364782,-0.03717967737093346,0.0008312836335006152,-0.5355919442534833,4.145989107584569e-16,0.02889429797788452,0.12232943907923471,0.017304038888075746,5.342948306008566e-16,0.6186006520891296,1.0061396160665481e-16,-0.031936398395207295,-1.3499936397928747,-1.3877787807814457e-17,1.5265566588595902e-16,-0.28017420312898184,0.0230702152659968
