,label,PCA_feature_112,PCA_feature_114,PCA_feature_14,PCA_feature_107,PCA_feature_110,PCA_feature_7,PCA_feature_132,PCA_feature_13,PCA_feature_108,PCA_feature_89,PCA_feature_16
1,1.0,0.013127202529366014,0.009317122130113625,0.1269469915651668,-0.015711556215893874,0.00841231255293258,-0.5049092008852408,-5.854691731421724e-17,0.2643551752775043,0.015428279269014633,-0.004600166219156879,-0.3867321600293256
2,1.0,0.0016704676909944406,0.003884063561206394,1.0373864969131075,0.000683362382287056,0.0033099559369933473,-0.2993770884125727,6.804452834519026e-16,-0.6638556321671852,-0.0013309654766896634,-0.0002620243840685821,-0.13681559100555368
2,0.0,-0.001741581773867587,-0.014982925502731628,0.2204641127157782,0.005669252843032338,0.015183060300198475,-0.9034123337921616,-1.5959455978986625e-16,-1.064808321829548,0.014681540834263344,-0.07009238146279125,0.36638046983915434
3,0.0,0.09384130953457911,-0.0802056708500906,0.03443521924832517,0.0064773418900730545,0.09612544918280205,-1.6225330104978513,1.6306400674181987e-16,-0.5047553204565768,0.05371304169907078,-0.04653432467172326,-0.45204208434643944
4,0.0,-0.01632907992300461,-0.022265262622911806,-0.2581477638742542,-0.0686727735700774,-0.03964024324182855,-1.9675458139148827,4.85722573273506e-17,-0.05542168526297024,0.0035662999165589696,0.06658706961915309,0.39365794054747744
5,0.0,-0.0019969909084216336,0.015753986591409606,-0.32482304167132686,0.013322037000773283,-0.01740233643255209,1.0528282431067277,7.7021722333370235e-16,0.5203234808654291,0.01949244186228099,-0.02335563798822643,-0.45170876430606116
5,1.0,-0.029560198371405343,-0.0626515371138868,-0.25395758507522903,-0.04926939612686404,0.012638853507715138,0.7985920177758248,8.760353553682876e-17,-0.5657961172682708,0.0076515816711352005,-0.07129422516069867,-0.011801623312711357
7,0.0,0.0037383798547698244,-0.03493663566443233,0.10165218168653914,0.028667635912433626,-0.014792430763161342,-0.4111120692102432,1.9255430583342559e-16,-0.32969183995046103,0.005916020022349852,-0.0426314552584489,-0.08623696945332185
7,1.0,-0.01615602317065901,-0.020596584684131378,-0.12053300486379842,-0.0055329880217688115,-0.03490429546538437,0.5745464442767371,1.3877787807814457e-16,-0.3988861509071059,0.06177965957509984,-0.06089485272883476,-0.016597890798268414
8,1.0,0.013784059398672565,0.041751976575130786,-0.2196555971641439,0.10336446020428917,-0.06580311716034871,0.36254348768887057,2.2551405187698492e-17,-0.6445650674544503,-0.08836796030115021,0.26594005159868084,-0.15223274991747865
9,0.0,0.003648256700026723,-0.0038845775693782253,0.5715417050811012,-0.009096154484472097,-0.007373321225767206,-2.1342453265631054,-3.8163916471489756e-17,-0.8780061342401277,-0.005163677659755811,0.024808696396791254,0.6507198939816027
10,1.0,0.002091837135273049,-0.004771783246940033,-0.9341690556370712,0.002295509431350179,0.00044424718569195665,-0.1999391846933299,5.273559366969494e-16,1.6240195606379204,-0.000827783350740463,-0.04181541947820047,1.1246272433583613
11,1.0,0.01670625419330974,0.03799735875763444,-0.49457639969069683,-0.00047471954980088556,0.0032631910273286623,-1.5438884514144708,-1.491862189340054e-16,-0.6794359202675878,0.038588022806359784,-0.04128623780276898,-0.44085041226769883
11,0.0,-0.005962098194866691,-0.000612679672740403,1.2014479231570354,0.001135038508376176,-0.012694207275130015,-0.7254151445972135,-1.457167719820518e-16,-0.29233234871035424,0.012079154701468309,-0.006611083263614717,2.0467886225263965
12,1.0,-0.0004739236486371312,0.0045024474126700645,-0.358218241225184,-0.003941502822601174,0.013159344726936098,-0.6571704181901636,-1.1102230246251565e-16,0.5187670301651326,-0.002992037639496882,0.0851723763571314,1.0639236113171424
13,0.0,0.0015329039679709798,0.0019953732071756117,-0.6028072520624208,0.006122686927846531,-0.004291708177086743,-0.34005788002535287,-3.4233683596229803e-16,-1.5290869442701343,-0.0025551876771450627,-0.021384577980459677,0.8395528592065891
13,1.0,-0.0031895541041146586,0.003787823300637389,-1.0284257389383498,0.004974153172173167,0.00029987576659949375,-0.46864085480426787,6.591949208711867e-17,-0.4230792403460528,0.0011685443436648055,0.009457226185023732,1.1058616581428877
16,1.0,-0.01135973983884955,0.006177639735310037,-1.045421725087574,0.00993931926404916,0.02100432509120846,-0.9864948831520471,2.3418766925686896e-17,-0.04476600780324577,-0.007480289915457905,0.036720834508510124,0.1237139926187134
16,0.0,-0.0016354375368579158,-0.038604570933196775,0.2805418963968743,-0.017418307868400564,-0.026693573442112137,-0.6503379353792353,1.6479873021779667e-16,-0.7300681454249596,-0.015223955863472693,0.058800666761256566,0.0176162114948218
17,1.0,-0.18465483590321552,-0.008880727583287864,0.4397709063728723,-0.0038703683473867226,0.015859968050093928,-0.30179822393060907,-1.700029006457271e-16,0.5469624026601853,0.052708083659617,-0.004767952631059419,-0.3181188243637705
17,0.0,0.03767569582729395,-0.04271611855663124,-0.893996606869264,-0.028776427703435276,0.07580099951473544,-1.1701146600175685,-2.393918396847994e-16,0.6912924486053481,-0.010078792677232412,0.16914040973119832,-0.5541694729338245
18,1.0,-0.007024839087425537,0.002533793095611199,-0.062028913724108896,0.013749291540836053,-0.025572565822083483,-0.2583009149978123,-1.0755285551056204e-16,-0.4218714253889344,-0.10479411440119912,0.0327673176975143,-0.5509097616362273
18,0.0,0.01703671392753743,-0.021564909183810446,0.1453844882634767,-0.011675072265409826,-0.035784431135427286,0.022562114951258053,4.40619762898109e-16,1.1505332972177849,-0.0061295246440693785,0.027988988482764664,-0.8321923901783782
19,1.0,-0.031320496086569186,-0.019305888298372847,0.15156333754167356,-0.02276241103231995,0.01322692960397235,0.578278935818621,1.0234868508263162e-16,-0.05616356070228241,-0.01569996897361481,0.014084296165420077,0.1670295811888063
19,0.0,0.011295076366205227,-0.08122182600563624,1.1166585988733837,-0.005753813332114187,0.02405257984141055,-0.73587263177874,3.400058012914542e-16,0.4514658674472935,0.09605493836053738,0.07952742812637509,-0.24284760817549395
20,0.0,-0.02264189788922434,-0.05278035186230062,0.9447267777192374,-0.02208754466091807,-0.003957740339481389,-0.7747728775903964,9.8879238130678e-17,-0.32731336216093093,-0.0259883591985494,-0.006634297951840146,-0.7868667552817818
20,1.0,-0.010239378234675384,-0.018444724308044953,0.058881795293742795,-0.047704064574060484,0.01981350695384345,0.6260570682406106,1.6403978869705682e-16,-0.4849653902837925,-0.010939546527677698,0.012781749917859901,0.3019694850718221
21,0.0,0.010009661726431524,-0.0021393066866651975,0.5842610531410523,-0.03835834475249282,0.018445340170242824,-1.1790277959758728,2.3592239273284576e-16,-0.18174033141447402,-0.02665791505418145,-0.0874365785103029,-0.37675036110414883
21,1.0,-0.013198758610716125,0.015371020153930728,-1.0956840385236188,0.011653944175616715,0.00957268185112637,-0.32733483581580614,1.3335686721571705e-16,1.00344418033113,0.0006748274904461171,-0.06902424164424054,-0.5225321525407173
22,0.0,-7.919261461400429e-05,-0.007581461268526687,0.27623182984816314,-0.006238665549825495,-0.00017353325462585807,3.4694700753449257,8.448103328007051e-16,-0.3511761513312318,-0.003305979580750351,0.04816496332057435,-0.7503811560271108
22,1.0,0.05687544768409722,0.06415242726897183,0.17806520582675378,-0.0421336910732034,0.11649262438831329,0.8668734486254503,1.739060284666749e-16,-0.3116541910798907,0.007086145311437891,-0.0006052207928514894,0.08795009309239729
23,1.0,-0.025821174290078436,0.025414847577680984,0.2430854729195203,-0.039671130939408925,-0.03644392093508252,-0.10819997696537034,2.194425197110661e-16,-0.4305228209236071,-0.027519259865863628,-0.0891213811904564,0.013067363072775923
23,0.0,-0.006279535707395084,0.1779926498429643,0.2508084021707179,0.04358975227872231,0.15747585237363657,0.8376514849075073,2.203098814490545e-16,0.4335938166795049,0.14479375047554305,-0.18404042312184618,0.10994272448961562
24,0.0,0.04300064691278614,0.043269381256432954,-0.14291585264761003,0.08416581031374579,-0.11730397018298036,0.7511399699567685,3.5735303605122226e-16,-0.2251107749437938,0.04237857078305268,-0.041607164609985425,-0.003890370965961773
24,1.0,-0.013944043430865954,-0.10040524147904707,0.03041641601148068,0.04174824723237011,-0.014550767773323196,0.5553144375921428,7.842932168511743e-17,-0.4386123961494392,0.037316946860788805,0.007808952291073555,0.09124521550854497
25,0.0,0.05430649292190874,-0.014644740749243393,-0.418629002361994,-0.025315697272856333,-0.03328701158140418,0.4482766700941289,1.457167719820518e-16,-0.3181151820837622,0.08828084397157977,0.07627357619789746,0.37910887378997016
27,0.0,0.03298233528819984,-0.019993960264412643,1.1445211723245934,-0.005345166284580732,0.06683046762460852,0.02694465115428258,3.5128150388530344e-16,0.1818697222389149,-0.07350361805512429,-0.13502737738400117,0.4288047750730804
27,1.0,0.010330433481931418,0.03864313763878645,-0.8697352504411551,0.03876642546932988,-0.027275469259346163,1.0346080534407063,1.0061396160665481e-16,-0.2725928088563029,0.005745977602036018,-0.03758997253692195,0.43219637271467737
28,0.0,0.003565134553754363,0.004625863994670118,1.06459639256239,-0.005816390142037803,-0.04719504191406153,0.22051248618008434,9.367506770274758e-17,0.2775495024871531,0.009351570863166042,-0.012852611276046172,-0.39451275452231266
28,1.0,0.010818123854871485,-0.005565154071610789,0.15572785442493353,0.014234659859808499,0.03035606265775554,-0.08968406604434649,-1.942890293094024e-16,-0.32255475740810235,-0.0038740467103526265,-0.02829263238243482,-0.38521205928383173
29,1.0,0.008616570014208432,0.04224871212737318,0.08887795282538424,0.03696314761251375,-0.1363429097400024,0.44116109390195773,6.1257422745431e-18,-0.6008402161754839,0.022149059129970852,0.13324375156242432,0.08202261633378774
29,0.0,-0.031075568916749053,0.029237320226045777,0.31634514435186467,0.09153153071716652,-0.01740524723924687,-1.17167408792166,2.6020852139652106e-17,0.3997778388973951,-0.04915824465238834,0.04835581716508962,0.056630989260834035
30,0.0,0.03832102146972117,0.018944306814322437,0.3186340314364745,-0.04185909051824946,0.008047498891406754,0.1642340983728443,1.3400738851920835e-16,-0.14539823835559654,-0.027146587144205897,-0.09665273558725127,-0.0015252161621705975
31,1.0,0.002852717597821911,0.022507920789332822,-0.3372608795539389,0.01161498897786668,0.008525547276443321,-0.924383902486236,2.0816681711721685e-16,0.22756184338763297,-0.004437906387323144,-0.0050163859411116694,0.34316898348184144
32,1.0,-0.04276449304894621,-0.04879323633275883,0.3642073712771309,0.11519064871345047,0.024371554547690494,1.0374709875883763,5.186823193170653e-16,-0.5329028653930471,0.07137605499335813,0.1093716266751453,0.6177995550017593
33,1.0,0.030647502611405093,-0.0003634341086587167,0.05124889667998025,-0.017310383934015572,-0.008715665722607218,0.9198288464903884,1.6566609195578508e-16,-0.3050991912520831,0.0033819703987143027,-0.031153497076161198,0.49756629458621626
34,1.0,-0.018857031387911654,0.007500146318262013,-0.626932527890172,-0.03490010638625049,0.025203347680986036,0.8606270968734865,-1.2663481374630692e-16,-0.43138298604478165,0.007292734791383426,0.07163922788423217,-0.09452133673069812
34,0.0,-0.023750700600495542,0.017095484024075448,-0.3094469737578877,0.019836513274349918,0.0028313195159195004,-0.9032163260116769,-2.0122792321330962e-16,1.9191174534098348,-0.0169467190988774,-0.0830972101199533,-0.32454033886486644
35,0.0,0.036737282696575446,-0.02707789101613202,0.6645115354713408,0.04334696988192077,-0.0037350808738333685,-1.968946924886919,5.551115123125783e-17,0.41065278436660324,-0.03207058168558117,0.11775064611218336,0.029952878174623068
35,1.0,0.015952470748363017,-0.014700518383760419,0.2414484968430986,-0.060992139858646335,-0.00422555214579463,0.21233938972644864,1.6783449630075609e-16,-0.20275724334814554,0.033163782269057696,-0.05784918153170379,-0.12404388345131101
36,0.0,-0.010052652575338637,-0.03418824617796918,0.9647005119318003,0.0815129520463297,0.026458899964988403,-0.2799588371730515,6.938893903907228e-18,-0.08219358084982432,0.07146628590925422,0.026638796267165962,-0.5900822262417977
37,1.0,0.0377953232415693,0.09511242039583395,0.49419083288932175,-0.04437913861273039,0.07223293455355581,0.04209878012462501,2.970713952610282e-16,-0.47357655056345027,-0.14274382820085751,0.19642063722666764,0.14406623931756854
37,0.0,-0.0036538267841273037,0.000855253936329417,-0.29676106407969477,-0.03717846516659079,-0.0064620021603920205,0.40481202305844105,1.734723475976807e-17,-0.03954708733685024,-0.032523026084574386,0.0644195803358964,-0.14628776714805514
38,1.0,0.07246084046310626,0.005266559019023995,-0.5375000128434075,0.16815921483378674,0.0827289816087136,1.0380595530023276,-1.8648277366750676e-17,0.4247680212374319,-0.09696075594492572,-0.1292039048150096,0.005088281998992552
39,1.0,0.020145735834529076,0.03370601016376898,-0.18391257114543225,0.03644091172845162,0.0062937935278012235,0.6115431914532508,-3.469446951953614e-17,0.21511532867439345,-0.0244960901559083,-0.03841144089871528,-0.029860937868679938
39,0.0,-0.004713207761259652,0.01341512594461397,0.45898773797915726,-0.052147954883742104,-0.034544157790254236,-0.18034515672847526,-1.196959198423997e-16,-0.22887914085203978,-0.01637468470131663,-0.04474509236388563,-0.5241792760669716
40,1.0,0.07824730234077679,-0.04104096899749638,-0.007733260610898036,-0.02293282158872844,0.0070385949474110095,0.4874665534105193,1.6241348543832856e-16,-0.29523370306041985,-0.04212333283526625,-0.0540907536949409,0.19666416919120402
41,0.0,0.055370088417977595,-0.033910062205926565,-0.22451245811248088,-0.04747206461281266,-0.03619433477748294,0.5151505105571592,-1.734723475976807e-18,-0.13248559778883778,0.08553024918466773,-0.014807513479361628,-0.1686216798858608
41,1.0,-0.01389901867126625,-0.0013892056386577804,-0.5454443004184522,0.023549359985250012,0.06113983707496443,0.6702439868270852,-1.0581813203458523e-16,0.4716875191567438,0.012586040275682622,0.13103701859113653,0.4579680958522651
42,1.0,-0.05034568465946532,-0.008933846378629623,-0.0670358279429844,-0.0020013149677084174,-0.060547663704213744,0.5730655977526744,6.288372600415926e-17,-0.14518460751584641,0.015917364397366504,-0.0408058391513136,0.19257344692893888
42,0.0,0.20821539638098255,0.0069417126324851355,-0.7658459068171419,0.13088311652040327,-0.010313469564321713,0.6236720618545916,-3.2959746043559335e-16,-0.34032425697727003,0.0421470537125323,-0.026369403909648276,0.3243205761121006
43,1.0,0.005696254462711256,0.0034938557700432,0.7559741636663926,0.009664190674829931,-0.003234497711902401,-0.36395848427320826,-1.717376241217039e-16,0.2162721502626228,0.00018005689895544963,0.0045751986409011194,-0.7247121987692647
43,0.0,0.013403431225905984,0.028834227385069144,-0.345221693808234,0.04655911865283369,0.039814305847110154,-0.6165167312498394,1.0234868508263162e-16,-0.5321826614289337,0.032477523559790084,-0.022923171364705962,-0.20004229091348222
45,1.0,-0.05226628675195981,-0.158973474660135,0.1305033554093975,0.12437568829628526,-0.009880206826555368,0.08585723959101924,-3.0574501264091225e-16,0.4241667031626401,0.11149473770827512,-0.06733484096738804,-0.11318862342078753
46,0.0,0.027188901040928817,0.002101256753057057,0.13469776456919907,-0.029048707329920646,-0.009695866210892364,-0.643656773230208,-4.7704895589362195e-18,0.09523678331270777,-0.019205819953663425,0.024154756875881832,-0.02222532111311832
47,0.0,0.016591296490689446,-0.047205507730449354,-0.042665363750143195,0.07941998043725311,-0.03706279315108249,-0.14541802018450112,7.979727989493313e-17,0.03158343468218823,-0.015189698311768494,-0.04890478465301338,0.19133745037307168
49,0.0,0.0020062942328601813,0.01857997603229728,-0.43071486701685746,-0.013421888164935832,-0.004137421353893486,-0.8402471808265422,7.728193085476676e-16,1.3082623949950647,0.02732727373248037,0.016854874138141462,0.16586814658217
50,0.0,-0.062061942209352586,-0.006752276612690851,0.37777153824862486,-0.04292633795321759,0.09829123411599328,1.2319407601312236,1.734723475976807e-17,-0.0584582337116147,0.010451038953055353,0.06808583197533875,0.43400090248550455
50,1.0,-0.022077743219078926,0.004262891577764251,-0.597865546600967,-0.025102689157600375,0.0196367581124639,-0.34958107342587924,-2.237793284010081e-16,-0.4253549006180486,-0.14140116835595068,-0.06424381037871074,0.7527564200327366
51,1.0,-0.11855134660612571,-0.003062456134066388,-0.8708403070560464,-0.08512034759699214,-0.0032858654820945576,0.7209997939591194,-1.0234868508263162e-16,-0.18895879279150823,0.015658932691169913,-0.08259542636336702,0.11404688713614972
51,0.0,-0.041399181600999285,0.05505073732902864,0.22512747493183002,0.028513995963851582,-0.03214024558002364,-3.1753364608655597,-1.3010426069826053e-16,-0.17715071408906446,-0.06020833796505229,-0.12406992798014632,0.2685485765525885
52,0.0,0.01409810605639418,-0.03837425261797767,0.7077367685931727,-0.019373925583644667,0.031079852286644574,-3.046441821227735,2.905661822261152e-16,-0.01234221089080622,0.005981658451849477,0.0892730735351883,1.2144307267986354
53,1.0,0.001316259146329296,-0.0002545048453448523,0.38130559755449056,-0.0008300070647724866,0.0020765865514161793,0.12782080352028896,-1.1943571132100317e-15,-1.0123274383110805,0.0015399141201783706,-0.008042985661844637,-0.3862216018332023
53,0.0,0.007243698336608309,0.010938507087475458,0.3698946995291043,0.0633869818108696,0.0066095912242500054,0.6090710991781109,3.5908775952719907e-16,-0.23694506865182619,0.00592187043207601,-0.09479146182638803,-0.15066878392696742
54,1.0,0.03768055244528714,-0.038001386664239294,-0.21292018498403603,0.014856863242942712,-0.0031513968442094496,0.35497807448377905,1.1275702593849246e-16,0.3195858192222404,-0.06091414069082561,0.03970865110369777,0.234473902719538
54,0.0,-0.00010081555283576911,0.1031246911960319,0.11037874772360329,0.029675775574111538,-0.0567074401733108,-1.4584252166473834,2.5413698923060224e-16,-0.0034411207140364886,0.09353091279823239,0.07043038303234095,-0.1917758736334684
55,0.0,-0.04216433458938182,0.005067274870336938,-0.5946592309828057,-0.008673650702297954,-0.012413907273575303,0.410580294565499,-1.700029006457271e-16,-0.17796515038351385,-0.07035210276766374,0.05921284320535897,-0.7952515265469595
55,1.0,0.02948989610688347,-0.0005933899414984622,-0.1902976483854953,-0.0381142922284845,-0.06619130603257073,0.6690408180264009,-1.43982048506075e-16,-0.26185605327254663,-0.06275635660883114,-0.07013278105915678,-0.1929005215812649
56,1.0,-0.008935046345779463,-0.005222025948422783,-0.31149840637398923,0.0226708454162982,0.01650199503866072,-1.148811561856449,-1.6132928326584306e-16,-0.25295641936900126,0.00994516888621776,-0.04510456230922324,0.2462504414302061
56,0.0,-0.034405419629730385,-0.025710363946250207,0.3596536946703228,0.0895436442897335,-0.06371377629486907,1.0790665380713227,2.0794997668271975e-16,0.1904678319775783,0.0017298811563895497,0.05548065454415764,0.28814921085717393
57,1.0,0.05427204708582466,0.06024811522151821,0.30078872653507654,-0.07322534478074554,-0.06472249938958233,-0.0036641148153824313,6.754579534584693e-17,-0.05308087718696229,0.04139452108983603,0.017030173927511976,-0.04970745832059949
58,0.0,0.03321267639913815,-0.02948035610144402,-0.40399110465170074,-0.0777026780613054,-0.002027353603651305,0.8985728242952233,1.465841337200402e-16,1.4632077976062072,0.02319740893001622,0.05249156441856555,0.38038946690081
59,1.0,0.01794618629499986,-0.018267866580489844,-0.75672269998793,-0.013141746448065296,-0.020852437777110537,-0.7828857518259734,2.654126918244515e-16,0.862160026447059,-0.004454477483857865,0.03021395406881744,-0.28491502672368046
61,0.0,-0.048031674293024754,-0.010685550330323111,0.4551416217857744,-0.046687633112811947,0.013310560058208243,1.3826017561743063,-2.1076890233118206e-16,0.5728028838768499,0.01874848677573243,0.05668541507502087,0.9979096866520939
62,0.0,-0.04365063260759006,-0.022328100376386394,0.08947102280286312,-0.006614866410002904,0.01969382064650331,-0.32755953507677343,8.500145032286355e-17,-0.4464057496886635,-0.05509827920446925,-0.12512728687724864,-0.06004165622654109
62,1.0,-0.005234870378525647,0.03330750716164112,-0.015319950731090808,-0.07873541944123551,-0.011161552080510201,0.2347589049279302,2.2768245622195593e-16,-0.15868752318633939,-0.028499628804045468,0.003616965637053292,-0.06145564126824978
63,0.0,0.0007076526061278107,-0.004282204686037003,0.4892184366928408,-0.06126646537699973,-0.013135016151713405,-0.03418594993437894,2.0816681711721685e-17,0.8994743992197864,0.12482701621570355,0.04280240333176463,-0.1581244438905255
65,0.0,0.010327463809574847,-0.03781066218800355,0.5385346436314025,-0.07903349838346778,0.07463273015147161,0.9117524102299581,3.7947076036992655e-17,0.0012618456432674507,0.03722188642145019,0.033290621045280105,0.08052271682038249
67,0.0,0.0292433570911676,0.014998581172284895,0.12865169611592053,0.01320878194088238,0.034871382801087716,-0.5702548079250533,-4.0766001685454967e-17,-0.2911937872525755,0.030398251181800486,0.04926929629329798,-0.11850854114554471
68,0.0,-0.03470565741295949,-0.07067219558070462,-0.20298747686234808,0.025336873033099533,0.02169291310134481,0.020174115278751757,1.5612511283791264e-16,0.36304341060407685,-0.05863901953267976,0.1031714950664241,0.10269761563618063
74,0.0,-0.0380089178513797,0.02710982717927097,0.43265628302206943,0.0008167236536813227,0.08434214428578868,-1.1999262690951928,-8.586881206085195e-17,-0.38531449225551734,-0.021927989982724855,0.1245704792382345,-0.6144715375561179
76,0.0,0.008239765545001415,-0.059019068336081504,0.05268766686430823,0.03835015557670124,0.07311126449154162,0.6631214460157051,-1.457167719820518e-16,0.6062748697661117,-0.022449650169828445,0.16520039730732863,-0.4055304876644587
77,0.0,0.012641264077225073,0.00680231215911184,0.2561934149212955,-0.017046404272197807,0.0013020476555048732,0.30334743189275576,-3.122502256758253e-17,0.04561267040736637,0.0041841847778519015,0.023624304761655154,-0.45990349080583104
78,0.0,-0.09652976490100197,0.015148845687576136,0.486155595889831,0.06552112891006223,-0.07671495333015038,0.9642342930203702,2.881809374466471e-16,0.09241902959354477,-0.05169611499926838,-0.132692825792183,0.9267819678940222
79,0.0,0.0007339339801815392,0.009170396721727106,-0.09091346756168138,0.023563958595572865,0.008564223804888079,2.904377123207753,5.447031714567174e-16,-0.37030515623322047,0.010972213906638571,-0.10843536782618675,-1.1414164822983386
80,0.0,0.014445518242611574,0.004323355388604101,0.36049809372558556,0.06524397315093451,0.06637467279523737,0.03579218839201552,1.242495689668388e-16,-0.2424865049228723,0.015222174485936789,-0.02026241119687075,0.10428270412880136
81,0.0,-0.001449653083701966,0.06956421982931131,-0.17268900522147898,-0.08853277825716886,-0.07559893457762515,-1.5165369433109988,1.222980050563649e-16,0.16716299405654342,0.1624536565634756,-0.0015758186433799427,0.22543065037092694
82,0.0,0.012389254760927327,0.0411642048137089,0.7420541179371456,-0.06354668039889824,-0.05279479787570976,-0.3925289542995898,-7.632783294297951e-17,-0.4683122388179533,-0.03603111596707681,-0.10038707153399559,-0.4382310006698939
83,0.0,-0.009965032080724724,0.02144069384099067,-0.6765590157490307,0.007015128517344569,0.008852291913293717,-1.3712134352891197,1.0061396160665481e-16,1.4717568481268906,0.041321591003858835,-0.01571791063477189,-0.7988779294338856
85,0.0,-0.05433887621200083,0.0626998816937651,0.2368129194098408,0.10980981564637562,-0.036799671336331406,-0.22752896205748915,1.5092094240998222e-16,0.21229724884168044,-0.03012748157910125,-0.0054733813468078076,-0.4452487400250756
87,0.0,-0.00962898641982169,0.002634471364086635,-0.7439870372742736,0.0049673933231992595,-0.0036329118570237393,0.3817420748497611,-2.636779683484747e-16,0.35558254520377286,0.01390093371220058,0.008705622904533417,-0.11057239183435214
88,0.0,-0.003725367466346168,0.05386449057368386,0.041474581148493804,-0.01330406768848133,-0.04369347678403211,0.22264946860411586,9.237402509576498e-17,0.25011623594258847,0.014230424278949869,0.09102068107324013,-0.2925818738776133
91,0.0,-0.032336950568390095,0.034950323233345834,0.8923212290987724,-0.00017620420945899107,-0.010714521337119726,0.1542373543868195,9.020562075079397e-17,0.9315194992062436,-0.15429341478989825,-0.17323696433754848,-0.1579280780065621
92,0.0,-0.0024443094523346823,0.07968221923404291,-0.20548175868385649,0.07483411250938067,0.024446853659579312,1.68683192614852,3.226585665316861e-16,0.5156472228208713,0.0012399619266986878,-0.02016969016135202,0.2859447653657615
93,0.0,-0.011733878245128542,-0.05153829511515863,-1.0988510220262806,-0.08543383815795474,0.002429606225579698,-0.732649966607243,1.100465205072787e-17,0.20547495705492494,-0.0852932914195443,-0.00564417311542674,-0.30094007567727726
95,0.0,-0.047388157442667306,-0.048787641246807165,0.050233892007389286,-0.036584441482582136,0.06898488534057129,-0.1831506162323393,2.2985086056692694e-16,-0.07193124343588365,-0.017493591019882168,-0.14888041307151703,-0.08821410777684621
96,0.0,0.04904543774518998,-0.05630237792418589,0.1865890131956843,-0.11552724430427894,-0.027537305824857986,-1.1878938225323503,1.4268100589909238e-16,0.33403601701441665,-0.04460095129643886,0.003956815798279022,-0.2609991335900122
97,0.0,0.0013749941923174858,-0.0010361555319040872,-0.01922943025873114,-0.014975156920917766,-0.008271932898123918,1.4933012171003446,8.396061623727746e-16,0.037697232470558284,0.004599965004329382,0.029853770309946376,-1.0834818226866771
98,0.0,-0.01824674521605994,0.016507702230465337,-0.5871332877205796,0.07251155445191111,-0.035537324469814224,-0.40390080502079273,3.0097452308197603e-16,1.2300485663808218,0.008942964663578523,-0.014637379710408419,-0.5616249537466482
99,0.0,-0.016105171208533615,0.02584186460554455,0.38510356651639066,-0.04301890898021145,-0.028138893238973804,0.7474839248145247,6.331740687315346e-17,0.4507121897669417,0.014347322257008327,0.14967548314978277,-0.16813252957011826
100,0.0,-0.0013460391087920312,-0.0642241926943505,-0.47618423987206787,0.07266979999989565,-0.01901861187353078,-1.4335266767748656,2.0903417885520525e-16,-0.90040420359512,0.03693748159876637,-0.05980316139599029,-0.4482991494804361
101,0.0,-0.12943509791802724,0.04442903516372919,0.3701036324239162,0.05784394209779779,0.07442323625900388,-0.4013421282347258,3.3306690738754696e-16,-0.3908175550736287,0.0358457363694207,0.13409201400670429,-0.12815419305859316
102,0.0,5.901537667843404e-05,-0.005811334632964474,-1.5066437094361482,-0.011166483824994113,0.0023347584153442166,1.3000594241910266,2.931682674400804e-16,-1.4987500578923076,0.009117258388874616,0.04547652263498003,0.43285384378431385
103,0.0,0.058205470884759004,-0.013802341775220328,-0.07706397499553336,-0.0675396987158561,-0.07443137569147101,0.1402420248831488,-1.8648277366750676e-16,0.5223429545118805,0.011840800800001466,-0.00017265533994639815,0.18475103096553663
104,0.0,0.0757062027996034,-0.02414606439735844,0.2853927076952097,-0.049183868131936787,-0.031352619238098595,-0.7739049046723749,2.949029909160572e-17,1.4081954154278722,-0.009484939798598858,-0.05787117897450915,-0.2400913118503904
105,0.0,0.039114131455988924,0.02474209819416941,0.266739958201505,-0.06324842817149398,-0.04901653914596477,0.630183746156219,1.4203048459560108e-17,0.35821431133794956,-0.03042622007042857,0.15150315383384674,0.15892426534623716
107,0.0,0.07164118865756507,-0.07146839527973543,-0.17838047989538786,0.04591410624243708,-0.03345264366234865,0.28219494199194484,-1.9081958235744878e-16,0.24034457619928293,-0.03363788803893823,-0.0784626926998429,-0.7211186650177941
108,0.0,-0.008791374561669403,-0.0008271272707106869,1.1739482370050378,-0.005404156012690349,-0.0009605193451562473,1.3257725329226608,-9.259086553026208e-17,1.1060529923146911,-0.008672995234754032,-0.011660479184100285,2.0132646644558356
109,0.0,-0.09720759914553412,-0.018959686206493447,0.18836759906274814,0.07447926678199003,-0.06113917303633796,-0.7102265446307078,2.3418766925686896e-17,-0.110863724836721,-0.11151555489775855,0.05393750276027531,-0.19246768630249542
111,0.0,0.0235771775909289,0.09533360480670998,0.7858942078475475,-0.019193471357161637,-0.02205747897874793,-1.4224804805164677,5.4643789493269423e-17,-0.07250781443450882,0.024086128082870507,0.010912693911055371,-0.3235587551710835
112,0.0,-0.004103906589988104,-0.015175468575992477,-0.0010285449077004488,-0.02191161974502188,0.0047175830177325195,1.399250932799201,7.181755190543981e-16,1.2686383784481627,-0.042233794862610606,0.09076782422506754,-1.2048138970574687
113,0.0,0.014001261210217265,0.04238208304694891,0.7875407332311165,0.0713839975079115,0.056436900639104365,0.4102875513323478,1.0408340855860843e-16,0.254341371509722,-0.04368142751628415,0.08214921871669949,-0.43694940893457757
114,0.0,0.021457238105288365,0.001561452251386073,1.7883745891749931,0.00261228499964318,-0.008038320393743076,1.2017792301502803,3.5475095083725705e-16,1.0034152170175183,-0.005089941932436221,0.006721284577890636,1.5305306108214354
116,0.0,0.012080797164315954,-0.0031068637884540257,0.9856696265553423,0.02631465273709753,-0.0015172159122223278,0.8953909946503701,4.3368086899420177e-16,1.1518158695509293,0.005283590446198902,0.010536335123815074,1.1609924264379994
117,0.0,-0.014987224469522055,0.006860668782628971,0.19317307542521356,-0.02775221250888549,-0.04551557773818128,0.9926611817652732,8.630249292984615e-17,0.7964403903781706,0.020384829371995445,-0.09927673639195812,-0.4429334440032147
118,0.0,-0.03342164133360595,-0.005994277026851923,0.42399730318607015,0.016121232054029225,0.009536466145725099,0.2884407642544691,-1.6306400674181987e-16,0.20997814827803382,0.04910716125514607,0.036498595906608894,-0.825945510261776
119,0.0,-0.021042487021499835,0.013622260244031147,-0.3358820861702667,-0.0340663723855487,0.008942791493771987,0.7415450870902273,-2.5500435096859064e-16,-0.15758835125771353,-0.03841691698225115,-0.04462779851460848,-0.19719113795974258
