,weight
PCA_feature_1,0.2438537758327288
PCA_feature_2,0.45304148660374643
PCA_feature_3,0.7814950984456928
PCA_feature_4,0.30758259057673415
PCA_feature_5,0.6987590323807152
PCA_feature_6,0.5859366090777308
PCA_feature_7,0.12393643173521376
PCA_feature_8,1.0113257912119311
PCA_feature_9,0.7197714294820808
PCA_feature_10,0.8961349764153652
PCA_feature_11,0.8025154520091812
PCA_feature_12,0.6956262321187296
PCA_feature_13,0.41566692008615963
PCA_feature_14,0.8898443006840592
PCA_feature_15,0.18857302242991505
PCA_feature_16,0.6631544082057187
PCA_feature_17,0.3826561000026058
PCA_feature_18,1.3181235073052164
PCA_feature_19,0.8992925031502953
PCA_feature_20,0.6322632966766676
PCA_feature_21,0.40610730567719533
PCA_feature_22,0.32684360297265064
PCA_feature_23,0.6256987568463545
PCA_feature_24,0.19392310398442836
PCA_feature_25,0.627398983335619
PCA_feature_26,0.31854173012660975
PCA_feature_27,0.9283654637302585
PCA_feature_28,0.1822421707596633
PCA_feature_29,0.43031098320539046
PCA_feature_30,0.3510635367058762
PCA_feature_31,0.7706922827798997
PCA_feature_32,0.6469446972966749
PCA_feature_33,0.2741830696990282
PCA_feature_34,0.12261375679509154
PCA_feature_35,0.7671368167286624
PCA_feature_36,-0.12398288386271603
PCA_feature_37,1.3170709924454063
PCA_feature_38,0.5831483924185613
PCA_feature_39,0.5828950094721025
PCA_feature_40,0.15697540801574658
PCA_feature_41,0.934644648747033
PCA_feature_42,0.8249124451485578
PCA_feature_43,0.27185762756870036
PCA_feature_44,1.1577575966109876
PCA_feature_45,0.21110584280749478
PCA_feature_46,-0.11256530794099961
PCA_feature_47,0.19843116521609408
PCA_feature_48,0.7136254648197141
PCA_feature_49,0.6423406964087159
PCA_feature_50,0.21747716028784736
PCA_feature_51,0.727543643783477
PCA_feature_52,0.403520593063673
PCA_feature_53,0.4306699000487377
PCA_feature_54,0.49431827431498265
PCA_feature_55,-0.4619726917379958
PCA_feature_56,0.17125471742750487
PCA_feature_57,0.6334839272047486
PCA_feature_58,0.2766731176023686
PCA_feature_59,0.5731687731978339
PCA_feature_60,-0.18435331810881828
PCA_feature_61,0.6900444121565372
PCA_feature_62,0.0003792724008778864
PCA_feature_63,-0.08498236445409123
PCA_feature_64,0.19025212432268523
PCA_feature_65,0.22814763392803933
PCA_feature_66,0.026121669340767702
PCA_feature_67,-0.3357980336344629
PCA_feature_68,0.42127937407744215
PCA_feature_69,-0.08525153481449613
PCA_feature_70,-0.42988241746835654
PCA_feature_71,0.0541930242089716
PCA_feature_72,0.19748827860961363
PCA_feature_73,0.2694203446396097
PCA_feature_74,0.5727072233849612
PCA_feature_75,-0.3462390470988258
PCA_feature_76,-0.22745600615219433
PCA_feature_77,0.029036290914205697
PCA_feature_78,0.2230781062800189
PCA_feature_79,-0.0789767699140944
PCA_feature_80,-0.08459278504675705
PCA_feature_81,0.008721786463039895
PCA_feature_82,-0.13027954808523268
PCA_feature_83,-0.12129695173332485
PCA_feature_84,0.12639867251650555
PCA_feature_85,-0.07614590228701139
PCA_feature_86,1.1099249714471915
PCA_feature_87,0.4065492065790183
PCA_feature_88,0.5822310142708844
PCA_feature_89,0.3821890520532034
PCA_feature_90,-0.8284667610992614
PCA_feature_91,-0.3911438665035321
PCA_feature_92,0.1373070943601388
PCA_feature_93,-0.30406692599615254
PCA_feature_94,-0.46663135095201996
PCA_feature_95,0.8460732825532137
PCA_feature_96,-0.5002257338254044
PCA_feature_97,0.7165457146848302
PCA_feature_98,-0.04953963665455363
PCA_feature_99,-0.09917786093184448
PCA_feature_100,0.30724826519620557
PCA_feature_101,0.16925024131884592
PCA_feature_102,-0.15247596902227334
PCA_feature_103,0.36147849062265835
PCA_feature_104,0.237295301759759
PCA_feature_105,0.27231718357648915
PCA_feature_106,-0.925163718122859
PCA_feature_107,0.9650356124805409
PCA_feature_108,0.07175714881021891
PCA_feature_109,1.1532083880716015
PCA_feature_110,2.044863011161905
PCA_feature_111,0.21772793954441436
PCA_feature_112,-1.0757703448996891
PCA_feature_113,0.6494200141561891
PCA_feature_114,1.4063772111069006
PCA_feature_115,0.9746878272686821
PCA_feature_116,0.09848568378945251
PCA_feature_117,0.6376668853766243
PCA_feature_118,0.6319642788903058
PCA_feature_119,-0.013257854047673398
PCA_feature_120,-0.22302602322677365
PCA_feature_121,-0.2638820030890063
PCA_feature_122,0.3054071980659942
PCA_feature_123,0.2019665518685949
PCA_feature_124,2.0181287030681543
PCA_feature_125,-0.3278920282385729
PCA_feature_126,-0.12570680139379706
PCA_feature_127,0.4995197118923659
PCA_feature_128,0.4813302676642708
PCA_feature_129,0.6490091898184175
PCA_feature_130,0.7302585138410608
PCA_feature_131,0.9614626077412644
PCA_feature_132,0.7272609010488604
PCA_feature_133,0.19455883550953793
PCA_feature_134,0.4763442903929614
PCA_feature_135,0.7269895543340429
PCA_feature_136,0.4495394266945096
PCA_feature_137,0.40415958288555687
PCA_feature_138,0.683550923917766
PCA_feature_139,0.8507543893908456
PCA_feature_140,0.4993014162591592
PCA_feature_141,0.2668272587635785
PCA_feature_142,0.7200867437449064
PCA_feature_143,0.09010092516599436
PCA_feature_144,0.35439828576074617
PCA_feature_145,0.3382657569336919
PCA_feature_146,0.21381446413865324
PCA_feature_147,0.4475483604190499
PCA_feature_148,0.5951846119587294
PCA_feature_149,0.45278535824046695
PCA_feature_150,0.28676187618738275
PCA_feature_151,0.6988525796402298
PCA_feature_152,0.558745546647359
PCA_feature_153,0.6750800159363708
PCA_feature_154,0.915420375713298
PCA_feature_155,0.5445123064537639
PCA_feature_156,0.1359399234892725
PCA_feature_157,0.278534896248058
PCA_feature_158,0.7489209752765361
PCA_feature_159,0.576047924883806
PCA_feature_160,0.448419742054247
PCA_feature_161,0.4347048157184729
PCA_feature_162,0.5595525346820673
PCA_feature_163,0.33583855367350063
PCA_feature_164,0.3079748206347049
PCA_feature_165,0.49141047772135954
PCA_feature_166,0.40030694673402833
PCA_feature_167,0.795392407924357
PCA_feature_168,0.3333000556772844
