,label,PCA_feature_2,PCA_feature_3,PCA_feature_11,PCA_feature_13,PCA_feature_16,PCA_feature_26,PCA_feature_131,PCA_feature_135,PCA_feature_137,PCA_feature_142,PCA_feature_147,PCA_feature_153
1,0.0,-0.3508062245247552,-20.704172677364035,18.577186602608442,0.5458396516213753,-9.045148974725347,-1.8286955646627814,1.8578888427711604e-15,2.8796409701215e-16,-1.9845236565174673e-15,-5.030698080332741e-16,2.983724378680108e-16,1.609823385706477e-15
1,1.0,-7.226435699639554,22.923878217561438,4.0006981598034885,6.281213650839398,-4.803001351837717,0.6624963288890364,-6.591949208711867e-17,2.7651492207070305e-15,5.336009412104659e-15,-5.637851296924623e-16,-5.689893001203927e-16,-1.4155343563970746e-15
2,0.0,0.7722204928988893,-4.659755304834523,0.9291416531873937,-3.717302344050841,-0.7836508139526059,-1.7527504358480384,-3.1953606427492787e-15,1.1796119636642288e-15,5.537237335317968e-15,1.3877787807814457e-17,-2.8935187579293142e-15,-9.610368056911511e-16
2,1.0,-1.3533672270778556,32.129038064447805,7.77545107455297,-12.511770909106481,2.3949967637537948,0.15998620680481374,-8.916478666520788e-16,2.6732088764802597e-15,8.049116928532385e-15,-1.1657341758564144e-15,-2.373101715136272e-15,5.898059818321144e-16
3,1.0,-14.290481634488552,-8.496784974305262,-3.2045069534109034,-0.35516190139644943,2.464080143234514,1.183300553426048,-4.0939474033052647e-16,4.163336342344337e-17,-3.9898639947466563e-17,-5.0306980803327406e-17,-1.762479051592436e-15,-1.3600232051658168e-15
5,1.0,-9.096729085532258,-1.4797168132544616,-1.9828200814900985,3.4130552704468253,0.49386821935055303,1.4594962060203085,-2.851885394505871e-15,-3.0704605524789486e-16,-8.326672684688674e-16,6.865168156178214e-16,2.220446049250313e-16,-6.245004513516506e-16
5,0.0,9.100181839822339,5.616500721972716,-1.9817764601887338,-3.279802038660538,-2.7353096261060648,-0.7149887400679614,2.2768245622195593e-16,2.67841304690819e-15,-1.1934897514720433e-15,1.2200865860158283e-15,-7.771561172376096e-16,1.9984014443252818e-15
6,1.0,-9.820885048444259,-5.143296072004946,-1.1114766481007963,2.524770844681156,-0.10018300708481241,3.553746151050932,-1.9853910182554557e-15,-5.412337245047638e-16,-8.396061623727746e-16,1.7728873924482969e-15,8.187894806610529e-16,-1.5300261058115439e-15
7,0.0,-7.341917311351689,-13.282130587128474,7.184854614979039,0.9570888840127757,-3.154337176390144,-2.986440777811545,1.734723475976807e-16,1.1102230246251565e-16,-2.123301534595612e-15,1.4589024432964948e-15,-1.5265566588595902e-16,7.181755190543981e-16
7,1.0,-5.841690641053986,-3.4308148144348847,-3.638702520880764,2.389264262677972,-1.6480446380271363,-0.39413016414178575,-1.8457457784393227e-15,2.0469737016526324e-15,-2.1198320876436583e-15,-5.828670879282072e-16,-2.7755575615628914e-16,-6.453171330633722e-16
8,0.0,-6.835924746423361,-12.415014510488243,3.993303831801347,-2.356501199889854,-0.6052250267593535,-1.235891865066545,-2.1163626406917047e-15,3.0531133177191805e-16,-1.27675647831893e-15,6.245004513516506e-17,8.187894806610529e-16,-2.8796409701215e-16
8,1.0,-8.073774863263825,-8.18200702701287,-0.9763688538506361,2.261142167634162,-2.445170215819232,-1.7800458723017976,-6.739400704169896e-16,7.077671781985373e-16,-3.0531133177191805e-16,-3.9898639947466563e-16,-1.2108369862318114e-15,-9.115971866258121e-16
9,0.0,72.407737738879,-5.210669040533466,1.3763506306556934,0.4387171449766265,6.760441190682019,2.0583176354095394,6.022959908591474e-15,-8.916478666520788e-16,-2.5673907444456745e-15,-2.3433945756101693e-15,1.249000902703301e-16,1.304512053934559e-15
10,1.0,6.507317647736496,5.070351615238595,-0.34192192377712227,2.147838194650376,2.0099286447302864,-3.9094434084641727,-5.766220834146907e-15,1.033895191682177e-15,3.469446951953614e-17,6.036837696399289e-16,-5.551115123125783e-17,1.7486012637846216e-15
11,0.0,15.006012505722746,-4.539032954891779,5.378204006576274,-5.091538716687707,1.3304305639344904,-5.685186143581519,8.069933610244107e-15,5.551115123125783e-17,-2.706168622523819e-15,-5.759281940243e-16,8.81239525796218e-16,2.6645352591003757e-15
11,1.0,-7.617916552513526,-9.042166587126967,1.3030605098136494,1.5535672857593186,-0.8922818616393747,-0.49735549749536123,2.7755575615628914e-17,-2.7755575615628914e-17,4.163336342344337e-16,-2.2898349882893854e-16,-3.5388358909926865e-16,-8.326672684688674e-16
12,1.0,7.8516219558640765,3.8257093178742414,0.052551090224522756,3.555302782672919,6.498712776293807,1.652118030655129,-2.8345381597461028e-15,3.885780586188048e-16,-5.412337245047638e-16,-1.1362438767648086e-15,7.320533068622126e-16,1.5092094240998222e-16
12,0.0,-8.058605319108112,-12.455282318492511,4.983522222254106,-0.9874108742770984,-0.7482878715770173,2.2444184018921063,4.440892098500626e-16,-2.42861286636753e-16,-1.9897278269453977e-15,1.7416623698807143e-15,1.3322676295501878e-15,5.342948306008566e-16
13,0.0,27.567817197183373,-1.188936875504766,-3.6605511220601503,7.144971924335398,7.267946757243997,-1.0663580251837692,5.648259637780484e-15,-2.858824288409778e-15,1.0824674490095276e-15,-6.661338147750939e-16,9.71445146547012e-16,1.1379786002407855e-15
13,1.0,-1.560996409152655,-0.6238368685446207,5.999961242979484,-1.3446843409166847,2.9604856215143385,-3.1655461284468407,8.326672684688674e-16,1.2628786905111156e-15,8.72565908416334e-16,-1.3704315460216776e-15,-1.949829186997931e-15,5.134781488891349e-16
14,0.0,42.14909781077641,20.335329349037707,-2.93675499756751,9.868065629938194,-9.234057945855916,-1.3408013154291996,3.318526009543632e-15,-2.2690183065776637e-15,-5.424480309379476e-15,3.649858193455202e-15,2.3037127760972e-15,2.1371793224034263e-15
14,1.0,12.517425245800096,16.124249306345487,-0.8981322774950342,-0.24735112883019109,13.01592852457442,-0.3856893792351918,-4.2847669856627135e-16,-7.632783294297951e-17,-1.1102230246251565e-15,-4.440892098500626e-16,2.1510571102112408e-16,3.905296225292787e-16
15,0.0,5.19811688325433,-18.864094290086587,-0.5502638801965558,-5.785754306096275,-4.173887231113643,-1.6428403172503934,2.4962670819306254e-15,-3.58046925441613e-15,-2.831068712794149e-15,-1.27675647831893e-15,2.3592239273284576e-15,1.124100812432971e-15
15,1.0,18.07710811594823,24.692075315236863,-0.503227700008713,1.0600520150007031,4.776056933873863,-3.8680166103105917,-2.4702462297909733e-15,1.4988010832439613e-15,7.771561172376096e-16,-1.5057399771478686e-15,-1.1449174941446927e-16,3.920475055707584e-16
17,1.0,-12.679127881666638,1.3134382469033308,-7.186234956338348,0.2776670970645181,0.41520591961461306,1.7433952143355351,-1.2004286453759505e-15,2.914335439641036e-16,2.9976021664879227e-15,-4.163336342344337e-16,6.38378239159465e-16,-6.938893903907228e-17
17,0.0,-12.289664130252008,-8.854987022628265,1.895975648647655,-3.1507749006460135,-0.8718496505917621,0.3184902785029102,-3.6461719060687514e-16,9.020562075079397e-16,1.3877787807814457e-16,8.743006318923108e-16,6.938893903907228e-16,8.638922910364499e-16
18,0.0,1.4993986411920188,12.770053141687828,-0.5082587850702909,-12.513116942901616,-2.527196827535605,-1.9389885033936518,2.060851489460447e-15,-1.942890293094024e-16,5.551115123125783e-16,-1.0889726620444407e-15,-2.2239154962022667e-15,1.1275702593849246e-15
19,1.0,-4.492488251840374,10.900576005510265,-3.173741332278761,0.46910889521679827,0.38381472578935316,-0.49678789608236784,4.85722573273506e-17,8.617238866914789e-16,3.5388358909926865e-16,-8.673617379884035e-17,-6.245004513516506e-17,-8.135853102331225e-16
19,0.0,6.6328478776634885,-12.596829101497049,1.7786243519514646,0.43300723441519356,-0.2157601829671676,2.8213732613443914,1.5057399771478686e-15,-3.8441472227646045e-15,-2.6020852139652106e-15,1.096345236817342e-15,-7.632783294297951e-17,-1.970645868709653e-15
21,0.0,-2.0212811561652995,-20.241511508770518,9.422584925536444,4.662570324989371,-3.6301341375397937,-0.8534278550562355,2.2165429214293653e-15,-3.039235529911366e-15,-2.0261570199409107e-15,5.316927453868914e-16,4.2674197509029455e-16,-1.6219664500383146e-16
22,1.0,-6.920048039073335,5.583871872200099,-2.912769425509732,-0.8067049526157917,-1.2207871780135324,-1.1751220000805946,-1.0772632785815972e-15,3.3029134982598407e-15,-2.498001805406602e-16,1.7032816129747275e-16,-2.42861286636753e-16,-2.0903417885520525e-16
22,0.0,38.77228298568942,20.104399981860666,-4.207612884626418,-2.5327208627265545,-10.42482281113835,5.942434009740258,3.1051550219984847e-15,-1.734723475976807e-16,-2.2690183065776637e-15,1.5265566588595902e-15,-1.9914625504213745e-15,1.0512424264419451e-15
23,0.0,-9.38704529755161,-3.7375628775407925,-6.109493339206434,-4.254628464364452,1.111062319210179,-0.5216711412832021,7.945033519973776e-16,2.3592239273284576e-16,2.0122792321330962e-16,-8.673617379884035e-18,3.7470027081099033e-16,-1.942890293094024e-16
24,0.0,13.35050846542612,-17.846499278551256,-1.665096990450639,-1.8202631209142588,0.33770511735509323,0.04927007764455747,1.0755285551056204e-15,-2.914335439641036e-16,-4.274358644806853e-15,2.0348306373207947e-15,-6.591949208711867e-16,-4.163336342344337e-17
25,1.0,3.5133242355046117,24.361165098354093,-2.1187278281392703,-0.873393517070122,2.1921828666819057,-0.2160049940356123,-4.85722573273506e-17,9.71445146547012e-17,-2.3626933742804113e-15,-4.996003610813204e-16,-4.961309141293668e-16,2.3592239273284576e-16
26,0.0,64.97044058738595,-11.41705313198809,-4.603426610423844,9.55725905724661,0.21044720532659328,-0.4146337741602001,7.452372052796363e-15,3.7470027081099033e-16,-2.733924198139448e-15,-8.326672684688674e-17,-2.0816681711721685e-17,1.3513495877859327e-15
27,1.0,-18.680205693427027,-9.851215768784234,0.6759000250996906,-1.2295248159372438,3.8570459734439626,0.031163008972822398,1.932481952238163e-15,-4.163336342344337e-17,4.579669976578771e-16,9.853229343548264e-16,-1.3877787807814457e-15,-3.885780586188048e-16
28,1.0,-12.044361149398775,-8.289956994820555,3.22288738538409,1.1527228974873869,0.03994947728853321,0.800832163197187,1.955927824218162e-15,1.249000902703301e-16,1.3600232051658168e-15,7.632783294297951e-17,-2.0816681711721685e-16,-5.238864897449957e-16
28,0.0,-0.9944675376213288,-8.591042365471553,-2.889355718171636,-4.645319933991327,-3.3966866901627193,3.2665812930685245,6.158268339717665e-16,-2.914335439641036e-15,4.163336342344337e-16,-8.023096076392733e-16,3.230055112268815e-15,1.4224732503009818e-16
29,0.0,-3.3991723884017873,-20.346723312545375,4.921409253032493,1.9591950024756186,-1.5591364688234473,1.3268441257057,-9.43689570931383e-16,-6.938893903907228e-17,8.326672684688674e-17,3.0531133177191805e-16,-1.3877787807814457e-16,1.1102230246251565e-16
30,0.0,15.785779231303433,-17.730683639803377,3.4356303135567705,0.2369157143926365,-0.8354630887481642,-0.6380281284318625,1.994931997373328e-15,-2.789435349370706e-15,-5.35682609381638e-15,1.8648277366750676e-16,8.049116928532385e-16,-5.412337245047638e-16
31,0.0,3.9251032763802147,-11.600185746176146,11.667186900283962,3.5708449194336582,-6.988865998670815,-1.0495660919247805,1.6653345369377348e-16,2.3592239273284576e-16,-2.52510685971874e-15,2.3592239273284576e-16,4.822531263215524e-16,2.42861286636753e-16
31,1.0,0.9035615584826671,28.400592042314344,10.523051812429443,2.2094236745184035,2.170643520049795,0.02100019199486175,1.096345236817342e-15,1.1726730697603216e-15,1.3600232051658168e-15,-1.0685896612017132e-15,-4.163336342344337e-17,5.412337245047638e-16
32,1.0,1.1655364143257847,9.041232632746945,-4.317953944224562,-0.0437332115088806,4.567299323617311,-0.9476329513762252,3.2959746043559335e-16,-1.124100812432971e-15,-1.7763568394002505e-15,-4.163336342344337e-16,-3.608224830031759e-16,-5.134781488891349e-16
32,0.0,-10.492304349586895,4.409790772587039,1.4407661400183343,0.047755547976092994,-3.789446649628686,-1.8827271504042353,-4.909267437014364e-16,8.534839501805891e-16,2.921274333544943e-15,-4.163336342344337e-16,-8.881784197001252e-16,-4.163336342344337e-16
33,0.0,26.07352020019894,-15.87009947503762,0.5591902856947444,-2.3568968400926282,-0.43679781879166457,-1.2968760181156844,5.7783638984787444e-15,-9.020562075079397e-16,-4.3576253716537394e-15,3.8380756905986857e-16,-2.7755575615628914e-16,-5.919743861770854e-16
34,1.0,-12.376916915080606,-6.457842165809492,0.3786153697061766,-0.39697978168157,0.9327579285136135,-1.8464052602168959,-2.9349352809182605e-16,2.0816681711721685e-16,1.0269562977782698e-15,2.8449465006019636e-16,-5.169475958410885e-16,2.0990154059319366e-16
35,1.0,-10.813422707561134,2.2328647999089735,-6.055533065404568,1.9818464272764078,-1.1227549911808397,2.3233510754725355,-1.1535911115245767e-16,2.498001805406602e-16,1.85268467234323e-15,3.608224830031759e-16,-5.48172618408671e-16,-7.042977312465837e-16
35,0.0,1.3233569149914448,-10.851696002769343,3.402780841041685,0.4979268243345434,-4.138533198529207,4.862899226416761,1.2177758801357186e-15,4.0245584642661925e-16,-1.7763568394002505e-15,-9.367506770274758e-17,9.71445146547012e-16,2.2811613709095013e-16
36,1.0,-9.99525777210552,0.8500235896777295,-2.324823305405968,3.6476351521104204,0.6379597511015342,0.9180828159566243,-1.0195837230053684e-15,-2.7755575615628914e-17,2.345346139520643e-15,-7.142723912334503e-16,-5.551115123125783e-17,1.8735013540549517e-16
36,0.0,17.363275933108795,-8.787468534058771,-4.67181300384086,-4.592009668237636,-4.528260681616386,0.579103060137195,4.062288699868688e-15,-4.163336342344337e-16,-2.095545958979983e-15,2.896988204881268e-16,-1.5386997231914279e-15,-5.672545766444159e-16
37,0.0,24.087969788614288,-26.344194859298504,0.8416446030533562,-1.2651104317571429,2.3583082285425334,-1.4278593232240469,2.5777990853015353e-15,-1.1015494072452725e-15,-6.522560269672795e-15,1.9532986339498848e-15,6.800116025829084e-16,2.8449465006019636e-16
37,1.0,-12.578771452030967,10.104147205694346,-9.131132846659357,4.352156323743831,-1.4188666498989075,0.7036401756942543,-1.457167719820518e-16,2.914335439641036e-16,4.343747583845925e-15,-1.2455314557513475e-15,2.220446049250313e-16,-2.636779683484747e-16
38,0.0,29.83539357930769,-15.532180223345668,0.12260448734479679,-0.9510497971033769,-4.166597189866385,-1.1719081758607377,5.2388648974499574e-15,-3.2612801348363973e-16,-5.754077769815069e-15,1.1310397063368782e-15,-1.3877787807814457e-16,-1.0547118733938987e-15
39,0.0,-2.6894821423347945,-13.790424337362024,0.17358559241832378,1.102050045163003,-1.1564194494706141,-1.6324649353933363,-1.3010426069826053e-15,-2.42861286636753e-15,-2.1996293675385914e-15,-2.419939248987646e-16,-5.412337245047638e-16,-5.898059818321144e-16
39,1.0,-8.880551221396756,4.88467343590033,-3.1397154144300643,1.6211455261320944,-2.557436739446117,-1.7657499144260567,-9.315465065995454e-16,1.0408340855860843e-15,1.4710455076283324e-15,3.7383290907300193e-16,-2.220446049250313e-16,-6.366435156834882e-16
40,0.0,7.357353203082241,-15.038301473938585,-2.7045750196343956,-5.807154247022389,1.1822152660206755,0.5610728826882533,8.968520370800093e-16,-1.8041124150158794e-15,-2.4702462297909733e-15,9.43689570931383e-16,1.6167622796103842e-15,2.949029909160572e-16
40,1.0,-4.473238810023723,5.0187940603001575,-4.578652545531947,3.445962382414713,0.9326462535137263,0.4697612082869086,-1.887379141862766e-15,-4.85722573273506e-16,-4.163336342344337e-16,1.582067810090848e-15,-6.245004513516506e-16,-1.3322676295501878e-15
42,0.0,-6.2976572571701475,0.031002139493060632,-0.09327439257783432,5.573443877255739,-0.1822738190709237,-0.0014721313794410287,-3.469446951953614e-15,-2.0816681711721685e-16,4.440892098500626e-16,-9.71445146547012e-17,1.3114509478384662e-15,-1.4328815911568427e-15
42,1.0,-5.074608954058073,7.164108531674248,-5.326851263216093,2.8239672005027496,-0.6485196744991435,-2.0585210885603025,-5.117434254131581e-16,-1.9081958235744878e-16,1.7618285302889447e-16,5.273559366969494e-16,-4.85722573273506e-16,-9.645062526431047e-16
43,1.0,-18.677265745894125,17.981707542649684,8.635893189247756,3.369644329500297,-4.881055918375445,0.9126094362296602,1.960237527853792e-16,3.649858193455202e-15,4.052314039881821e-15,3.903127820947816e-16,-2.851885394505871e-15,-3.1051550219984847e-16
43,0.0,-5.861972935938791,-16.637853520610708,8.56837526391913,6.116089385705972,-0.2944258719119025,1.7856189506574949,-3.434752482434078e-16,1.5959455978986625e-16,-9.853229343548264e-16,6.522560269672795e-16,-1.3739009929736312e-15,-5.637851296924623e-17
44,1.0,-15.570357010648454,-6.034961255859477,0.2622065262785851,-3.1145849866634583,2.7878297920864377,1.1506172738903595,-7.4593109467002705e-16,4.3021142204224816e-16,3.469446951953614e-16,-4.2674197509029455e-16,-7.7021722333370235e-16,1.97758476261356e-16
45,1.0,-12.85136485946597,13.371016365950656,-4.622999322677256,0.2613358983060755,-1.0268272384798953,-1.4851480693624972,-1.8041124150158794e-15,1.3877787807814457e-17,6.25888230132432e-15,-2.914335439641036e-16,3.0531133177191805e-16,-6.938893903907228e-16
45,0.0,52.81283120868066,-19.985448932288158,0.18618168685368608,5.412342999536184,-2.0422070157992827,-1.8107131533578524,9.799452915792983e-15,-8.049116928532385e-16,-2.7200464103316335e-15,3.7643499428696714e-16,-1.0061396160665481e-15,-4.603522424373452e-16
46,0.0,-5.8452643853120465,-13.195662800614468,7.918598491857007,-0.5099035648235334,-0.8165806318118599,-1.5841134589083208,-3.8510861166685117e-16,1.061650767297806e-15,-1.942890293094024e-15,4.163336342344337e-17,-4.579669976578771e-16,-1.7694179454963432e-16
46,1.0,-14.744045143883492,-1.3274422276653124,-2.8179521550835767,0.5548478647869766,0.6160721545933603,1.2902308008883367,-5.950101522600448e-16,-6.938893903907228e-16,2.7408630920433552e-15,6.938893903907228e-17,3.7816971776294395e-16,5.204170427930421e-16
47,1.0,-14.385339266567513,6.039110676133834,-3.0110492359810275,1.5979797518947878,-2.3427424489362867,-1.6459345740203601,-9.71445146547012e-16,-1.887379141862766e-15,3.191891195797325e-15,1.304512053934559e-15,-1.609823385706477e-15,-5.273559366969494e-16
48,1.0,-10.941318900021585,-8.74863652418431,-1.9451639405342753,1.7630293437228675,-1.048114331193406,0.13676569563443042,0.0,-9.71445146547012e-17,-1.3877787807814457e-17,6.38378239159465e-16,-1.6653345369377348e-15,-6.245004513516506e-16
48,0.0,19.60872132421129,-8.220424200669882,-3.9398424603433932,-6.701750995159962,-3.3150453119715526,2.828644088050595,1.6583956430338276e-15,-5.551115123125783e-16,-3.3306690738754696e-15,-5.100087019371813e-16,6.245004513516506e-16,1.1310397063368782e-15
49,1.0,-16.910738715517844,-4.996571986639237,-7.713225715075502,1.4650031025076407,2.4477602536895176,0.7608059649599554,-3.3306690738754696e-15,-7.771561172376096e-16,1.915134717478395e-15,8.187894806610529e-16,-5.828670879282072e-16,8.049116928532385e-16
49,0.0,9.983515556029968,26.684518191388186,6.736797106665048,-1.4648477505802333,-1.7296477368537344,1.918704500705759,4.2461693883222296e-15,4.3021142204224816e-16,2.636779683484747e-16,-6.661338147750939e-16,-2.858824288409778e-15,-5.4860629927766524e-17
51,1.0,-9.77655115848003,0.6846072129129537,1.3086567313656485,3.546217517650655,-0.7074011475039378,-0.8621647428961222,-1.970645868709653e-15,-8.534839501805891e-16,1.3877787807814457e-17,3.885780586188048e-16,-1.0408340855860843e-15,-1.304512053934559e-15
51,0.0,0.5414918097337067,-14.526775968102797,14.862524463734083,6.803722102213131,2.2335899294170813,2.9435246006814477,8.482797797526587e-16,5.943054208479293e-16,-4.385380947269368e-15,9.71445146547012e-16,2.636779683484747e-16,6.418476861114186e-17
52,1.0,-11.188424733062947,9.502110793336595,0.015274500364117483,3.9639195955036777,-0.6133222968229924,0.45234354908839564,9.063930161978817e-17,2.55351295663786e-15,2.5118795932144167e-15,3.3133218391157016e-16,-1.627170620466245e-15,-3.5258254649228604e-16
52,0.0,-0.4791199008245486,-16.89147853476024,5.721319594916945,6.27496757975297,0.6072429786777299,-0.17147546388093698,1.9914625504213745e-15,-6.245004513516506e-16,1.0824674490095276e-15,-6.938893903907228e-17,-5.828670879282072e-16,6.106226635438361e-16
53,0.0,7.518531043951261,-15.568637986050824,-0.1691556268430252,-2.4888751108454237,3.4338274529667063,1.6542089219769647,-4.718447854656915e-16,-4.052314039881821e-15,-5.245803791353865e-15,-8.881784197001252e-16,1.304512053934559e-15,-1.708702623837155e-16
53,1.0,15.674858990925745,0.08686683499913765,-8.320970571898451,-0.8830032691581425,0.21967275076844084,0.3225673450801786,-6.245004513516506e-16,-1.1796119636642288e-15,4.385380947269368e-15,-9.259953914764196e-15,6.675215935558754e-15,-8.959846753420209e-15
54,0.0,-3.3994498857433477,-1.638889279750155,-1.7442738919222545,1.3262057252983657,-1.8135551927561064,0.6830073143431468,-1.0096090630185017e-15,-4.85722573273506e-16,-2.0816681711721685e-16,4.527628272299467e-16,-2.3592239273284576e-16,3.920475055707584e-16
54,1.0,-9.492545811924455,0.04863408711700934,-1.486386810667443,0.7375632832149465,-0.1790496428201515,-2.584025754775965,6.938893903907228e-16,4.996003610813204e-16,1.8041124150158794e-15,-2.282896094385478e-15,-5.828670879282072e-16,-2.2100377083944522e-15
55,0.0,-6.5116065861380745,-13.191058714205047,-2.7309912608562357,-1.0655294247931457,-1.6404073156465522,-0.4256493192414883,-5.030698080332741e-16,-2.0816681711721685e-16,1.4988010832439613e-15,1.250735626179278e-15,3.95516952522712e-16,9.575673587391975e-16
56,0.0,0.4918186595035684,0.3049076012266333,-2.3877957533525977,-5.436790525526028,1.097009147036147,-1.162539078687728,1.0668549377257364e-15,-5.689893001203927e-16,-1.4988010832439613e-15,1.457167719820518e-16,7.667477763817487e-16,-1.5612511283791264e-16
57,1.0,-3.5864484538232144,6.687300150192008,-3.439082461045768,1.1593108931665612,-1.9670034439506936,-5.028624159791112,-2.0122792321330962e-16,2.706168622523819e-16,4.163336342344337e-16,-1.8318679906315083e-15,-2.636779683484747e-16,-4.3021142204224816e-16
58,0.0,-15.627892989848231,-0.20710290718358837,-3.8617543905959195,-4.566131726537052,8.85791875024824,2.5448996069474568,-8.81239525796218e-16,-8.743006318923108e-16,3.1086244689504383e-15,4.551914400963142e-15,-3.885780586188048e-16,8.604228440844963e-16
59,1.0,3.996167916164095,17.830552447771655,7.274119631133951,-0.15693047930885268,4.185133168870535,-2.5902825006437107,5.048045315092509e-16,1.3183898417423734e-16,-1.0547118733938987e-15,-1.6922227508153753e-15,-5.828670879282072e-16,6.390721285498557e-15
60,0.0,-3.1506412431200763,-4.136049388344492,10.482212709486596,-1.1238706492625266,2.1450129701474387,4.683717464902338,4.2674197509029455e-16,1.0755285551056204e-15,-5.84601811404184e-16,-7.771561172376096e-16,7.355227538141662e-16,1.5890067039947553e-15
60,1.0,-0.21804938816858532,9.087650474896527,0.6844596649862802,-2.1067971907660117,1.1398066705646153,-0.0163808545640539,3.734859643778066e-15,2.192690473634684e-15,2.914335439641036e-16,-4.0245584642661925e-16,-1.214306433183765e-16,2.0261570199409107e-15
61,1.0,-12.943286412548721,-6.039964865459525,2.1688109041736685,2.4209664411892877,3.77702689482871,1.179304749093069,-4.260047176130044e-15,-3.0878077872387166e-16,1.3877787807814457e-17,-1.2160411566597418e-15,-2.0816681711721685e-16,-5.100087019371813e-16
62,0.0,-1.7506158395711497,4.244169032762025,-1.8832215062591346,2.957835837559097,-2.0849774427659504,2.4515323226081747,5.759281940243e-16,8.743006318923108e-16,-1.5404344466674047e-15,1.6080886622305002e-15,-7.91033905045424e-16,6.522560269672795e-16
63,0.0,0.49243028081340245,-15.807305368406066,-0.7858518120398975,-5.636520659774791,0.2105766839461089,-2.178894862010091,8.673617379884035e-16,-5.828670879282072e-16,-2.123301534595612e-15,2.1510571102112408e-16,7.008282842946301e-16,6.245004513516506e-16
64,0.0,10.306393741948089,50.730299442391434,9.731284621764715,-3.2654526455377755,-8.02845642179734,2.3261653972875154,2.040034807748725e-15,3.594347042223944e-15,8.213915658750182e-15,-5.530298441414061e-15,-1.8283985436795547e-15,-2.3852447794681098e-15
66,0.0,-4.835382084201176,-10.17311709743654,0.37417826338905524,-2.7902314409664486,-2.422123944894518,-0.291844084423933,9.645062526431047e-16,-1.0894063429134349e-15,2.7755575615628914e-17,1.4155343563970746e-15,-7.494005416219807e-16,1.5959455978986625e-16
68,0.0,22.39610709820968,20.787841023947927,-1.238892812888198,-0.016614237079288996,0.7043434524876947,0.60394290484329,-1.9220736113823023e-15,-8.049116928532385e-16,-5.315192730392937e-15,-6.938893903907228e-16,7.91033905045424e-16,2.636779683484747e-16
69,0.0,-0.879317274220121,-9.261072022866157,-1.2577968104923665,-2.3263312175617226,-0.48346107050158077,3.206437474500436,-8.309325449928906e-16,-2.239528007486058e-15,-2.0816681711721685e-15,6.83481049534862e-16,6.38378239159465e-16,5.303917027799088e-16
71,0.0,-2.76517290386023,-13.622287446680545,4.897314659792815,1.9360993070250618,6.412998110357321,3.315395678357276,-4.510281037539698e-16,-2.0886070650760757e-15,-2.0409021694867135e-15,3.1138286393783687e-15,1.4849232954361469e-15,1.186550857568136e-15
74,0.0,-11.525470224880525,-15.930134250281677,2.1255638340171403,1.2705123849243845,-1.0976436594905656,2.806534560981878,-6.765421556309548e-16,-2.0122792321330962e-15,2.220446049250313e-16,6.800116025829084e-16,1.2490009027033011e-15,1.6930901125533637e-15
75,0.0,-3.2544754373856026,-5.836094526563573,-1.8431987972981156,-0.20095944899833112,-0.4769275624869451,-0.8193940096797572,7.945033519973776e-16,1.1102230246251565e-16,-1.0130785099704553e-15,9.992007221626409e-16,-4.683753385137379e-16,-1.8908485888147197e-16
76,0.0,18.502438731393546,-15.095582545983069,-1.865338240178232,-7.312255805769037,0.6805207020425342,-1.9783240613357207,3.608224830031759e-15,-1.753805434212552e-15,-2.7408630920433552e-15,-1.7008963681952594e-15,1.8596235662471372e-15,3.191891195797325e-16
77,0.0,20.330456184839257,-10.89081249876573,-0.30249698988812723,-0.6596746690828209,-0.7896038792611568,-0.5879047983137081,1.3877787807814457e-17,-1.9984014443252818e-15,-7.105427357601002e-15,2.2551405187698492e-15,-1.1397133237167623e-15,9.055256544598933e-16
79,0.0,41.683598703774,7.965691953481606,-0.6647620691487947,-5.39973054401068,-11.172043666283507,0.8341313686880474,5.620504062164855e-15,2.4147350785597155e-15,-1.2490009027033011e-15,1.5178830414797062e-15,-2.5673907444456745e-15,-1.6705387073656652e-15
80,0.0,12.240849766487429,16.652364028249757,-4.798392945604949,1.4443142722532365,1.2002189321637005,-0.029532529375223264,-3.9343528435153985e-15,1.8596235662471372e-15,-2.2898349882893854e-15,3.3306690738754696e-16,2.632442874794805e-16,1.4502288259166107e-15
81,0.0,-6.775348816255807,-9.386956013790094,5.479648114616198,0.33429569011234184,1.0747066091788924,1.4604265506263494,1.1796119636642288e-15,-4.85722573273506e-16,6.106226635438361e-16,-3.3306690738754696e-16,9.575673587391975e-16,1.6653345369377348e-16
82,0.0,25.87191382709016,6.597452412396449,-10.988359144859947,-3.528358314780756,0.5163010179056511,2.8357407674457042,-1.5265566588595902e-15,0.0,-3.0531133177191805e-15,-1.27675647831893e-15,2.0539125955565396e-15,-8.239936510889834e-18
83,0.0,-12.175535764922863,-12.208812353959619,4.19768003783518,-8.69994372938873,-0.10166298570501237,-4.4793430211451,1.7763568394002505e-15,-8.187894806610529e-16,5.273559366969494e-16,5.689893001203927e-16,8.326672684688674e-16,1.5126788710517758e-15
84,0.0,15.010857973572403,13.658269039393122,-1.7513362051622732,-4.16702427562528,1.46882402595819,3.325088636619872,7.216449660063518e-16,-2.1371793224034263e-15,-1.7208456881689926e-15,-8.881784197001252e-16,-1.1102230246251565e-16,-2.456368441983159e-15
85,0.0,-10.365402542579528,1.50643783468907,-4.663725901664343,1.4886845810142524,-2.0411361162335613,0.518478607791478,8.951173136040325e-16,1.2004286453759505e-15,2.067790383364354e-15,2.5222879340702775e-15,-1.8041124150158794e-16,6.938893903907228e-16
86,0.0,2.8794935588024764,-4.29580768333252,1.4930623659917748,1.0701273308718726,3.25167087795177,0.11199826175477916,-4.371503159461554e-16,1.3461454173580023e-15,-1.5543122344752192e-15,-1.6653345369377348e-16,1.6375789613221059e-15,-2.706168622523819e-16
87,0.0,17.923466756825906,-21.80322859546914,4.663363403601307,-1.692065503715158,5.351852615382019,1.211826636255513,2.149322386735264e-15,-1.8041124150158794e-15,-4.9960036108132044e-15,1.304512053934559e-15,-1.8041124150158794e-16,-1.6375789613221059e-15
88,0.0,-0.12052596017114503,0.06395276894649893,-1.0793665339245215,-2.3097947768878386,2.2338031508000453,-1.2737442352497943,7.7021722333370235e-16,-1.1796119636642288e-15,-1.3877787807814457e-17,9.783840404509192e-16,2.112893193739751e-15,1.5725268309729756e-15
90,0.0,-12.844065436098465,-16.40127495573509,0.051528228843110035,-3.5833889307107074,0.36830900690648016,-2.3134284241776446,2.914335439641036e-16,-2.0816681711721685e-16,9.159339953157541e-16,2.258609965721803e-15,-5.273559366969494e-16,2.636779683484747e-16
91,0.0,14.413994511328715,-10.458487690767697,0.045445959369369404,-6.196615108811754,-0.4837283570568887,-0.2508649848852206,-1.6653345369377348e-16,-3.011479954295737e-15,-4.9404924595819466e-15,1.5265566588595902e-15,1.2212453270876722e-15,2.498001805406602e-16
96,0.0,-4.364073234568227,7.735203510170001,-2.9111980272550824,-3.156705786945556,-0.4175092597757073,1.2153352004964109,6.114900252818245e-16,6.106226635438361e-16,1.915134717478395e-15,1.1379786002407855e-15,6.938893903907228e-16,1.1657341758564144e-15
98,0.0,-14.208490532189334,6.151591798416778,1.0996689910281083,-6.047365864149394,3.7652543011042208,3.9384140220359316,-2.92300905702092e-15,1.762479051592436e-15,1.8457457784393227e-15,6.210310043996969e-16,-5.759281940243e-16,-2.949029909160572e-16
99,0.0,11.420920392771613,-15.863226792467728,-6.8978498051818224,-4.681616930624841,-0.22240483484684964,-0.05112069747246556,2.2967738821932926e-15,-1.942890293094024e-15,8.326672684688674e-17,1.3877787807814457e-16,2.914335439641036e-16,4.544975507059235e-16
100,0.0,-8.665614886563844,-9.155340639769348,1.6388994859376123,2.420429351071212,1.2629453870341605,1.7991081568021123,-8.743006318923108e-16,-1.124100812432971e-15,5.065392549852277e-16,1.0477729794899915e-15,-9.26342336171615e-16,-2.914335439641036e-16
101,0.0,-10.08142595547093,-15.535425522985445,-1.5375649110991716,3.0389046372333923,-3.7192481448560346,0.6536098130156297,-1.2628786905111156e-15,-1.7069679003611782e-15,1.5126788710517758e-15,7.91033905045424e-16,2.498001805406602e-16,-3.469446951953614e-16
102,0.0,14.655793475396326,-12.328882497061757,6.567560032345946,14.77910563420058,8.595878958458727,-1.357276563682802,2.751271432899216e-15,-3.552713678800501e-15,-7.042977312465837e-15,2.6298407895808396e-15,2.2065682614424986e-15,3.406996906818449e-15
103,0.0,9.872290165961736,0.34691532393565483,0.4976405264378626,-4.23514203786757,-0.26591215065710916,2.12815430055491,1.9480944635219544e-15,4.163336342344337e-17,-1.9290125052862095e-15,1.1293049828609014e-15,2.0816681711721685e-17,-1.8041124150158794e-16
105,0.0,-0.7530569064707979,-6.9250563736931685,-0.6075345563143988,-2.7635727663964107,-3.681877962473095,-2.8825961784518195,-3.5041414214731503e-16,1.3877787807814457e-16,-4.85722573273506e-16,-7.632783294297951e-17,7.91033905045424e-16,-3.9898639947466563e-16
107,0.0,-5.42958341595144,-10.26143953446021,-1.146979482070168,-2.1889623608010096,-1.3047443249589894,0.49751675690664393,1.196959198423997e-16,7.632783294297951e-17,5.967448757360216e-16,-4.0419056990259605e-16,-7.008282842946301e-16,-1.196959198423997e-16
108,0.0,-6.756666598031513,-3.66545865792753,0.9140995331644851,-6.174515891063131,5.625185398147258,-4.003311006578748,1.3877787807814457e-16,8.049116928532385e-16,-1.4432899320127035e-15,7.771561172376096e-16,-3.608224830031759e-15,3.191891195797325e-16
110,0.0,0.734957969652632,4.739341016518467,-0.20919888094349093,-2.67014455631515,-4.491417498090469,6.0663535323128945,-1.0581813203458523e-16,6.938893903907228e-16,7.077671781985373e-16,-1.0061396160665481e-16,3.885780586188048e-16,4.0245584642661925e-16
114,0.0,-16.82242535760936,-7.051078932255688,-1.0879651763377838,-7.662241326729487,-0.4199966930994919,3.2200454122952795,3.0531133177191805e-16,-7.91033905045424e-16,1.5677563414140394e-15,1.2559397966072083e-15,-2.473715676742927e-15,8.257283745649602e-16
117,0.0,-9.387781519879585,-5.865150302006543,-1.3785164838892585,-7.135953869248581,-1.0675710190708483,-0.08793030817361654,3.157196726277789e-16,1.0998146837692957e-15,-4.527628272299467e-16,9.783840404509192e-16,7.424616477180734e-16,3.122502256758253e-16
118,0.0,-5.672640494930416,-14.776969302352793,-2.0571475919814537,-3.853514551962372,0.7879323404333275,0.9800950711800582,-5.655198531684391e-16,-1.0842021724855044e-15,6.800116025829084e-16,1.6306400674181987e-16,1.1171619185290638e-15,2.914335439641036e-16
119,0.0,1.6220084806752726,-8.557454956297741,0.8012880775983404,-0.89258044347505,1.9250062217213861,-0.6313723363455981,-4.588343593958655e-15,-2.3592239273284576e-16,-1.3461454173580023e-15,2.3314683517128287e-15,8.187894806610529e-16,8.083811398051921e-16
120,0.0,-4.928588978695757,-19.271139582913655,0.040759345243826406,-4.215405244551557,-2.013398340944314,1.7831117752577805,9.575673587391975e-16,-6.245004513516506e-16,3.608224830031759e-16,1.5681900222830336e-15,1.4432899320127035e-15,5.967448757360216e-16
