,label,PCA_feature_2,PCA_feature_10,PCA_feature_11,PCA_feature_13,PCA_feature_14,PCA_feature_16,PCA_feature_20,PCA_feature_25,PCA_feature_26,PCA_feature_33,PCA_feature_60,PCA_feature_129,PCA_feature_138,PCA_feature_147,PCA_feature_148,PCA_feature_150,PCA_feature_159,PCA_feature_160,PCA_feature_161,PCA_feature_167
1,1.0,-4.6052184687565125,-0.8498366100661547,-0.28826296747100194,0.2643551752775043,0.1269469915651668,-0.3867321600293256,0.4113485762129781,0.4637580048527461,0.010398756526089757,0.11905798272422044,-0.02703091490810676,2.2724877535296173e-16,-3.8163916471489756e-17,6.635317295611287e-17,-1.0755285551056204e-16,-3.625572064791527e-16,-1.6132928326584306e-16,1.1796119636642288e-16,-1.691355389077387e-17,2.5673907444456745e-16
2,1.0,-4.480450374651669,1.0900547678383576,1.5105111384613095,-0.6638556321671852,1.0373864969131075,-0.13681559100555368,-0.18095525999528883,-0.13343222629491927,-0.1752675955933502,-0.06816786491815552,-0.020939894912014145,6.175615574477433e-16,-6.245004513516506e-17,-3.5388358909926865e-16,-2.0469737016526324e-16,-1.214306433183765e-16,2.42861286636753e-17,-5.551115123125783e-17,1.457167719820518e-16,1.457167719820518e-16
2,0.0,0.9626202212005489,0.2796498460354071,0.18615013148581477,-1.064808321829548,0.2204641127157782,0.36638046983915434,0.9297961308595097,0.46224131003571217,-0.13754994169456142,0.1512795693096644,0.03445201058927929,2.5673907444456745e-16,1.5785983631388945e-16,-3.226585665316861e-16,1.2880321809127793e-16,-3.469446951953614e-17,-2.2768245622195593e-16,6.245004513516506e-17,9.71445146547012e-17,-3.8163916471489756e-17
3,0.0,0.7149419220625326,0.5402070590768442,-0.33379233346953585,-0.5047553204565768,0.03443521924832517,-0.45204208434643944,0.061726406378213944,0.1933991086482832,-0.5084288356932951,0.46376883357835313,0.0286299412727807,8.500145032286355e-17,1.0711917464156784e-16,2.0643209364124004e-16,3.2612801348363973e-16,2.47198095326695e-16,6.797947621484113e-17,-7.28583859910259e-17,-4.85722573273506e-17,4.85722573273506e-17
4,0.0,-0.32345898158569286,-0.13124717795682556,-0.26992077275628323,-0.05542168526297024,-0.2581477638742542,0.39365794054747744,-0.18996333592512724,0.5226228757918032,0.7459163760712835,-0.008684220280125027,-0.08148406458892843,-2.8449465006019636e-16,1.0685896612017132e-15,2.3765711620882257e-16,1.6653345369377348e-16,1.6393136847980827e-16,9.71445146547012e-17,-1.734723475976807e-17,-5.724587470723463e-17,-7.632783294297951e-17
5,0.0,1.62718882318057,-0.946172102230329,0.2280558987692313,0.5203234808654291,-0.32482304167132686,-0.45170876430606116,-1.1734823648715267,-0.2766245347679715,0.9777443286057295,-0.2298311788690174,-0.013078250355580495,-1.1102230246251565e-16,3.469446951953614e-17,-4.510281037539698e-16,4.510281037539698e-16,2.8362728832220796e-16,-1.8041124150158794e-16,1.0234868508263162e-16,9.020562075079397e-17,-2.7755575615628914e-17
5,1.0,-1.5942384344162133,-0.6799173718014545,-0.011314601747543151,-0.5657961172682708,-0.25395758507522903,-0.011801623312711357,-0.17206137100172939,-0.37397327546267883,0.14736920449600743,-0.3070134639335124,-0.026248774493403508,1.0755285551056204e-16,-2.7755575615628914e-17,1.3877787807814457e-17,3.9898639947466563e-17,5.898059818321144e-17,8.326672684688674e-17,0.0,2.0816681711721685e-17,-1.474514954580286e-17
7,0.0,0.23115796550844425,-1.1118167529741407,1.031234845371594,-0.32969183995046103,0.10165218168653914,-0.08623696945332185,-0.15019734481516342,0.23414142717976372,0.02639476969005162,0.7302351265295755,-0.08091254766646913,-6.938893903907228e-17,5.160802341031001e-17,2.671474153004283e-16,2.255140518769849e-16,2.636779683484747e-16,2.498001805406602e-16,2.7755575615628914e-17,-1.3877787807814457e-17,-9.71445146547012e-17
7,1.0,-0.7789744119904478,-0.889444782798545,-0.20459933363252664,-0.3988861509071059,-0.12053300486379842,-0.016597890798268414,0.5444066607351922,0.18377976355623837,0.042220902976259043,-0.43484397641799205,-0.1922553418591075,2.237793284010081e-16,1.0408340855860843e-17,8.023096076392733e-17,-5.984795992119984e-17,1.3877787807814457e-17,-5.898059818321144e-17,-1.4333152720258369e-16,1.734723475976807e-17,5.551115123125783e-17
8,1.0,-0.20380204211282232,-0.7693169334221892,-0.18373579687541958,-0.6445650674544503,-0.2196555971641439,-0.15223274991747865,0.516824369768467,0.27995722948736423,-0.17312610414114699,-0.07689267927424086,-0.20019283100893226,2.3765711620882257e-16,2.7755575615628914e-17,3.2959746043559335e-17,6.158268339717665e-17,9.367506770274758e-17,9.71445146547012e-17,2.6020852139652106e-17,-4.163336342344337e-17,-1.3877787807814457e-17
9,0.0,5.544455236248869,-0.9515344118954303,1.2063156715213166,-0.8780061342401277,0.5715417050811012,0.6507198939816027,-0.07386591942252552,-0.12886118817179443,0.3753792926536855,-0.018044801543325564,0.0043546976332378695,-2.983724378680108e-16,4.2500725161431774e-16,1.3183898417423734e-16,2.7755575615628914e-17,-1.5959455978986625e-16,0.0,2.0816681711721685e-17,-1.3877787807814457e-17,-6.245004513516506e-17
10,1.0,1.2447264568798149,-1.8051729786243098,-0.6354313204353641,1.6240195606379204,-0.9341690556370712,1.1246272433583613,-0.5082196761155867,-0.12811785495975364,0.17734888987220473,0.007514276739274572,-0.17889445073565785,-5.828670879282072e-16,-6.852157730108388e-17,-3.400058012914542e-16,1.5265566588595902e-16,-2.220446049250313e-16,6.938893903907228e-18,2.7755575615628914e-16,1.3877787807814457e-17,-1.8041124150158794e-16
11,1.0,0.1809925109640407,1.2329626975138992,-0.552705427448888,-0.6794359202675878,-0.49457639969069683,-0.44085041226769883,-0.016469346250358622,0.07367129214061305,-0.13181800397478416,0.1928510760516033,-0.1721138764518272,1.6653345369377348e-16,2.1510571102112408e-16,1.249000902703301e-16,2.5847379792054426e-16,1.1882855810441129e-16,-2.1033522146218786e-17,-5.898059818321144e-17,-8.153200337090993e-17,-2.42861286636753e-17
11,0.0,4.183979238323507,0.4538777896465602,0.8626336396647416,-0.29233234871035424,1.2014479231570354,2.0467886225263965,-0.18343733882701674,1.4733005440974127,-0.15033438128130114,-0.08354786183997676,0.11235991968890846,2.1510571102112408e-16,2.185751579730777e-16,7.632783294297951e-17,-3.5388358909926865e-16,-1.3877787807814457e-16,-1.97758476261356e-16,-1.0061396160665481e-16,-2.0816681711721685e-16,-4.510281037539698e-16
12,1.0,1.8731441696749336,-1.4543359161629772,-0.5877883588806635,0.5187670301651326,-0.358218241225184,1.0639236113171424,-0.42122038533521505,-0.9407371569808043,-0.24181243375116815,0.06903129558784943,0.12496148005438121,2.0816681711721685e-17,-1.9081958235744878e-17,-1.457167719820518e-16,2.5673907444456745e-16,1.214306433183765e-17,4.85722573273506e-17,1.0408340855860843e-16,1.3877787807814457e-17,-5.551115123125783e-17
13,0.0,2.7709088573651406,1.0228828892967339,0.49434221294927694,-1.5290869442701343,-0.6028072520624208,0.8395528592065891,1.1667385054188177,-0.6760617190160199,0.363822342310262,0.9007219353226078,0.08676698860898518,3.469446951953614e-17,1.3877787807814457e-17,-1.0408340855860843e-16,-3.8163916471489756e-17,-1.8388068845354155e-16,4.163336342344337e-17,-1.97758476261356e-16,1.1102230246251565e-16,1.474514954580286e-16
13,1.0,-0.05269255231957361,-0.1576968938725828,-0.6612332512435453,-0.4230792403460528,-1.0284257389383498,1.1058616581428877,0.8420878384560325,-0.09660111717693576,-0.02862370517267564,0.046080180786187794,-0.09864316511505417,2.983724378680108e-16,3.157196726277789e-16,-2.905661822261152e-16,3.7903707950093235e-16,-1.734723475976807e-17,7.727650984390433e-17,2.220446049250313e-16,6.938893903907228e-17,-6.938893903907228e-17
16,1.0,0.6243642119290396,0.6410299209980173,-0.6379225603215984,-0.04476600780324577,-1.045421725087574,0.1237139926187134,-0.06907628336642387,0.10104055179419932,-0.3648025896846078,-0.08079268143787678,0.03646316477301435,2.8449465006019636e-16,1.0061396160665481e-16,-2.5673907444456745e-16,-8.326672684688674e-17,-1.2836953722228372e-16,3.469446951953614e-17,1.3183898417423734e-16,-5.637851296924623e-18,1.0408340855860843e-16
16,0.0,0.898904053466962,-1.3162205339330184,1.0003084286345914,-0.7300681454249596,0.2805418963968743,0.0176162114948218,-0.34603738542542994,-0.1625181354365434,0.6599401468167795,-0.019705531187611588,-0.029807818826167922,2.979929671076409e-16,-1.0408340855860843e-17,3.434752482434078e-16,2.6020852139652106e-16,2.229119666630197e-16,7.45931094670027e-17,9.454242944073599e-17,-1.474514954580286e-16,-2.2898349882893854e-16
17,1.0,-1.845683555933669,0.5108495328511077,-0.30276324916396796,0.5469624026601853,0.4397709063728723,-0.3181188243637705,0.010838712972268152,0.3696356041376995,0.14049702460842506,-0.29064507315229626,0.06176584750124339,2.0469737016526324e-16,1.726049858596923e-16,4.85722573273506e-17,-1.700029006457271e-16,-4.336808689942018e-17,-2.185751579730777e-16,-9.367506770274758e-17,-5.204170427930421e-17,1.8214596497756474e-16
17,0.0,-1.0796895583547086,0.8892044424669652,0.06665466946395551,0.6912924486053481,-0.893996606869264,-0.5541694729338245,0.12859558780493152,-0.2473114348888294,0.7276842748229748,0.09645155421828387,-0.07090152579273679,2.658463726934457e-16,-2.489328188026718e-16,-1.717376241217039e-16,1.3183898417423734e-16,2.3245294578089215e-16,-1.1796119636642288e-16,-1.2836953722228372e-16,8.760353553682876e-17,-2.42861286636753e-16
18,1.0,-1.859027036038269,0.14640159506338438,-0.8175089565810854,-0.4218714253889344,-0.062028913724108896,-0.5509097616362273,0.0007460720043836952,0.4539579781996067,-0.009212511024107556,-0.09231837481976049,-0.1338550394646694,2.393918396847994e-16,3.2959746043559335e-16,4.85722573273506e-17,1.734723475976807e-18,2.6020852139652106e-17,-6.938893903907228e-18,5.377642775528102e-17,-4.163336342344337e-17,-3.122502256758253e-17
18,0.0,-1.3228061117491239,1.7425082381119381,-0.3726193614570339,1.1505332972177849,0.1453844882634767,-0.8321923901783782,0.13733214760311405,-0.004358430387980661,-0.316205454396958,-0.29616864573025264,-0.10611821538810955,2.498001805406602e-16,-4.163336342344337e-17,9.71445146547012e-17,-2.7582103268031233e-16,0.0,7.979727989493313e-17,-4.926614671774132e-16,2.2898349882893854e-16,-1.0061396160665481e-16
19,1.0,-2.016409657068404,-0.06031719580777377,-0.2880084125474631,-0.05616356070228241,0.15156333754167356,0.1670295811888063,0.15681157332809212,0.22486828198114578,-0.07927569607195498,0.1341365078159688,0.21722186671340846,6.245004513516506e-17,-3.122502256758253e-17,1.0408340855860843e-16,-1.4051260155412137e-16,5.204170427930421e-17,2.7755575615628914e-17,-1.0755285551056204e-16,3.122502256758253e-17,7.28583859910259e-17
19,0.0,3.567551603698655,-0.7658231463152272,0.5326028321677592,0.4514658674472935,1.1166585988733837,-0.24284760817549395,0.32451357354925503,-0.5410251333514193,-0.02419403721940591,0.021620756662798862,-0.2083839989169448,-2.237793284010081e-16,-3.469446951953614e-17,2.480654570646834e-16,1.0408340855860843e-16,3.2959746043559335e-17,-2.0816681711721685e-17,2.0816681711721685e-17,-5.681219383824043e-17,4.163336342344337e-17
20,0.0,0.37605737600273575,-0.7121431888388773,-0.5018354041152719,-0.32731336216093093,0.9447267777192374,-0.7868667552817818,-0.3560789856877965,0.6850260444385783,-0.9122951950257987,-0.25323852444246714,-0.13345629560529473,2.3245294578089215e-16,1.8388068845354155e-16,3.9985376121265404e-16,3.2439329000766293e-16,2.914335439641036e-16,9.71445146547012e-17,-1.43982048506075e-16,1.3877787807814457e-16,-1.3183898417423734e-16
20,1.0,-0.5680045537097216,-0.1622780588155388,-0.5029380279327295,-0.4849653902837925,0.058881795293742795,0.3019694850718221,-0.1783860850409198,0.11914794641057648,-0.058482866024282765,0.3384672855497339,-0.24795129148857353,8.543513119185775e-17,-4.391018798566293e-17,-9.150666335777657e-17,-1.6479873021779667e-16,-3.122502256758253e-17,1.734723475976807e-18,4.85722573273506e-17,-1.8214596497756474e-17,1.1796119636642288e-16
21,0.0,2.9048589899775985,-1.694256599016294,0.8570654498995298,-0.18174033141447402,0.5842610531410523,-0.37675036110414883,0.11309037826567464,-0.13674481980075254,0.35894194845299,0.34735967283681396,0.15518701783397598,-1.3877787807814457e-17,-7.632783294297951e-17,1.3877787807814457e-16,4.36282954208167e-16,2.0816681711721685e-16,4.5102810375396984e-17,1.734723475976807e-16,5.724587470723463e-17,-6.245004513516506e-17
21,1.0,5.132915249496049,-0.8633236903208307,-0.4720285614369718,1.00344418033113,-1.0956840385236188,-0.5225321525407173,-0.19277315841282278,-0.028293138821953612,-0.5911079512861662,-0.11387561285714652,-0.14492743910806655,1.0408340855860843e-16,-8.326672684688674e-17,9.020562075079397e-17,-1.0408340855860843e-16,-8.673617379884035e-17,-4.163336342344337e-17,1.1796119636642288e-16,0.0,-2.5326962749261384e-16
22,0.0,5.312152024223375,-0.12459624324624208,-0.03218357460105281,-0.3511761513312318,0.27623182984816314,-0.7503811560271108,0.5294002448178042,-0.007877396828315307,0.15656219766031707,0.01736862592431601,-0.19382765620529477,-7.73686670285656e-16,5.551115123125783e-16,-5.273559366969494e-16,5.898059818321144e-17,-1.2923689896027213e-16,-2.706168622523819e-16,-3.677613769070831e-16,3.3306690738754696e-16,-3.469446951953614e-16
22,1.0,-1.2963227755230022,-0.1641788314101048,-0.10676429109513093,-0.3116541910798907,0.17806520582675378,0.08795009309239729,0.039528568595267086,-0.09383049037692062,0.1538360546043477,0.029625945883193533,-0.14283031102720672,2.636779683484747e-16,-2.3592239273284576e-16,6.938893903907228e-17,-3.677613769070831e-16,-8.326672684688674e-17,7.806255641895632e-17,-7.28583859910259e-17,3.209238430557093e-17,7.28583859910259e-17
23,1.0,-2.575769421154228,-0.7055354635240138,0.08033118375368013,-0.4305228209236071,0.2430854729195203,0.013067363072775923,-0.08192292643092033,0.0025888304635074966,0.0744620036192822,0.0860355664797724,-0.1578639956471275,2.3245294578089215e-16,-1.249000902703301e-16,-2.42861286636753e-17,-3.95516952522712e-16,-6.931101200792489e-17,-1.7520707107365752e-16,-1.1622647289044608e-16,2.1597307275911248e-16,1.734723475976807e-16
23,0.0,-0.3631990493643875,0.4428900949005126,0.6740628790354013,0.4335938166795049,0.2508084021707179,0.10994272448961562,0.19554366537096163,0.07962525860831204,0.27607958211319056,0.1423465527726058,-0.05893508554573741,1.249000902703301e-16,-5.117434254131581e-17,1.734723475976807e-17,-4.85722573273506e-17,1.0018028073766061e-16,2.42861286636753e-17,-3.469446951953614e-17,-3.122502256758253e-17,9.8879238130678e-17
24,0.0,4.512703036674612,0.010151144860613318,-0.8499919134879753,-0.2251107749437938,-0.14291585264761003,-0.003890370965961773,0.19944583437955654,-0.22776434737480877,0.17558704366636313,-0.03163730028500342,0.15418025062878082,8.500145032286355e-17,2.5500435096859064e-16,-1.734723475976807e-17,-1.3877787807814457e-16,9.974659986866641e-17,-2.0122792321330962e-16,5.551115123125783e-17,-2.3245294578089215e-16,-1.5265566588595902e-16
24,1.0,-2.643113964971724,-0.5798295002339666,-0.21210455096584743,-0.4386123961494392,0.03041641601148068,0.09124521550854497,-0.1302408908267716,-0.008998826759152895,0.359286756108407,0.1733979176219824,0.09466797826120328,3.469446951953614e-18,-8.500145032286355e-17,-2.42861286636753e-17,-2.185751579730777e-16,2.5153490401663703e-17,1.3877787807814457e-17,-1.0061396160665481e-16,1.8041124150158794e-16,2.7755575615628914e-16
25,0.0,0.3318777704552622,0.13679150938943466,1.0647811186230176,-0.3181151820837622,-0.418629002361994,0.37910887378997016,0.2853696893011687,0.25415583881392145,-0.38995086578641364,-0.23406143412838754,0.29546342295222094,-1.8735013540549517e-16,2.255140518769849e-16,3.122502256758253e-16,1.249000902703301e-16,2.7755575615628914e-16,-2.6020852139652106e-17,1.713039432527097e-16,-1.942890293094024e-16,-1.0755285551056204e-16
27,0.0,2.408488163976055,0.6134900915827254,-0.33154959653888905,0.1818697222389149,1.1445211723245934,0.4288047750730804,-0.08791154884460864,0.5225180614151749,-0.2642826228439976,-0.4394960649638943,0.10106001749788197,-1.0408340855860843e-16,2.740863092043355e-16,3.139849491518021e-16,7.846913223363838e-17,2.480654570646834e-16,-8.001412032943023e-17,-1.717376241217039e-16,-1.9081958235744878e-17,1.5612511283791264e-17
27,1.0,-2.3786835997246696,-0.03169818369671013,-0.14771200136514007,-0.2725928088563029,-0.8697352504411551,0.43219637271467737,-0.7077708753833144,-0.20136808823908647,-0.31351933345018085,0.5387689923595649,-0.035459517632074763,1.8323016715005025e-16,-4.0939474033052647e-16,3.0357660829594124e-16,2.255140518769849e-16,2.1196152472091612e-16,1.4224732503009818e-16,-9.020562075079397e-17,1.8041124150158794e-16,-2.393918396847994e-16
28,0.0,1.7405027972976859,0.388947381120808,0.6591076036263189,0.2775495024871531,1.06459639256239,-0.39451275452231266,0.0737596196149183,-0.784740069319703,-0.41162947253091575,-0.010154488168181597,0.07084781553271138,-1.0842021724855044e-17,1.43982048506075e-16,-8.673617379884035e-17,-1.214306433183765e-16,-4.85722573273506e-17,-2.2898349882893854e-16,2.7755575615628914e-17,6.245004513516506e-17,-4.85722573273506e-17
28,1.0,-1.5002218144058395,-0.24884144496736438,-0.6415138971430878,-0.32255475740810235,0.15572785442493353,-0.38521205928383173,-0.4938871254481434,0.21518556057221316,0.16509218513266508,-0.1918875798937279,-0.04370210730618212,-9.627715291671279e-17,3.0704605524789486e-16,7.112366251504909e-17,2.8796409701215e-16,-4.85722573273506e-17,1.9081958235744878e-16,1.7954387976359953e-16,1.3877787807814457e-17,-1.734723475976807e-18
29,1.0,-1.272071910450281,-0.38786512887466934,-0.14983744128534593,-0.6008402161754839,0.08887795282538424,0.08202261633378774,-0.02403206909229788,0.04677690067795253,0.1533307801420009,-0.08459039669314213,-0.15261937082286045,1.8388068845354155e-16,-1.0928757898653885e-16,8.673617379884035e-18,-2.0946785972419946e-16,-2.0816681711721685e-17,-8.326672684688674e-17,3.469446951953614e-18,4.163336342344337e-17,1.5092094240998222e-16
29,0.0,2.6912112714676826,-1.2878775562105647,1.143348056845019,0.3997778388973951,0.31634514435186467,0.056630989260834035,0.8143090397327274,-0.3982967732741308,0.23817185183792314,-0.34361009480111804,0.01681872438548812,-1.691355389077387e-16,-2.393918396847994e-16,3.226585665316861e-16,3.712308238590367e-16,1.1102230246251565e-16,3.209238430557093e-16,2.8102520310824275e-16,-1.5092094240998222e-16,-9.020562075079397e-17
30,0.0,4.986247117638655,-0.7483125979798206,-0.3694162895050294,-0.14539823835559654,0.3186340314364745,-0.0015252161621705975,0.12552896919369988,0.19963725151135467,-0.009251018970597782,0.022092217231851702,-0.0872576737197837,-2.5717275531356165e-16,1.5612511283791264e-16,1.3183898417423734e-16,4.0766001685454967e-17,-7.806255641895632e-17,-3.469446951953614e-17,2.0816681711721685e-17,-3.729655473350135e-17,-1.3183898417423734e-16
31,1.0,-2.2312171553231526,-0.785144418533099,1.0759657462453764,0.22756184338763297,-0.3372608795539389,0.34316898348184144,0.06615351070161495,0.17123119152637112,0.3691087704752485,-0.1383549941155876,0.11189307334608938,-8.326672684688674e-17,4.163336342344337e-17,-2.983724378680108e-16,-6.800116025829084e-16,-2.706168622523819e-16,-2.0816681711721685e-17,-2.706168622523819e-16,1.5265566588595902e-16,-2.0816681711721685e-17
32,1.0,-0.40033203338814,-0.052473793184157756,-0.4215319562562328,-0.5329028653930471,0.3642073712771309,0.6177995550017593,-0.4446244778020073,5.1854022558160684e-05,-0.565475078659966,0.10748404902160716,-0.17128290700640456,-2.42861286636753e-16,1.0408340855860843e-16,8.326672684688674e-17,-3.226585665316861e-16,-4.597017211338539e-17,1.3183898417423734e-16,-1.1102230246251565e-16,-1.0061396160665481e-16,1.214306433183765e-16
33,1.0,-1.0277134168732185,-0.18735161800230368,-0.43828599261143925,-0.3050991912520831,0.05124889667998025,0.49756629458621626,-0.1551385933265094,-0.17563399310570188,-0.17613645587207366,-0.14215973081526434,0.07010907996421598,-6.938893903907228e-17,-2.3592239273284576e-16,0.0,-3.3306690738754696e-16,-9.020562075079397e-17,6.245004513516506e-17,-1.1449174941446927e-16,-1.734723475976807e-17,4.163336342344337e-17
34,1.0,-1.259084218854822,0.17127627467997164,0.7051892888910374,-0.43138298604478165,-0.626932527890172,-0.09452133673069812,-0.006751390867182472,0.029678663550625678,0.028679100425170405,-0.1673602769921409,0.027856394407697656,1.8041124150158794e-16,-9.627715291671279e-17,3.729655473350135e-17,1.5612511283791264e-16,1.3444106938820255e-17,1.942890293094024e-16,1.700029006457271e-16,-6.938893903907228e-18,6.591949208711867e-17
34,0.0,0.14726146710922872,0.6840057123422453,-0.6546262656055075,1.9191174534098348,-0.3094469737578877,-0.32454033886486644,1.1866799346361911,0.31023133673129,-0.25734630945435005,-0.1942021830409085,0.2533616238281143,2.5153490401663703e-16,-2.7755575615628914e-16,1.5265566588595902e-16,-3.8163916471489756e-17,-3.469446951953614e-18,-1.6436504934880247e-16,-2.185751579730777e-16,4.163336342344337e-17,-5.551115123125783e-17
35,0.0,2.212644810155958,0.33074820563284735,-0.6080912605079682,0.41065278436660324,0.6645115354713408,0.029952878174623068,0.3947781065198245,-0.5580677455879822,0.11272259142630206,-0.2703901246831398,-0.2731325288953337,-1.8604909279851256e-16,-1.0364972768961422e-16,5.204170427930421e-17,2.6020852139652106e-16,-1.700029006457271e-16,-2.255140518769849e-16,1.214306433183765e-16,-1.1058862159352145e-16,-3.0531133177191805e-16
35,1.0,-1.5027777396860669,-0.5986168163826266,-0.043896745617170815,-0.20275724334814554,0.2414484968430986,-0.12404388345131101,0.024036456296372688,-0.2702741718865045,-0.24060924624803195,-0.24800406496375849,0.09050952869709195,1.1275702593849246e-16,-4.163336342344337e-17,-3.0357660829594124e-17,-1.474514954580286e-16,-1.0234868508263162e-16,9.454242944073599e-17,-1.5612511283791264e-17,-1.0408340855860843e-17,1.4224732503009818e-16
36,0.0,2.9558431101196243,0.06755370040402463,-1.379388196538166,-0.08219358084982432,0.9647005119318003,-0.5900822262417977,0.2545162178853173,0.5033825269592112,0.13069998894045678,0.09719742308001068,0.2861872332523363,-8.326672684688674e-17,3.686287386450715e-16,1.8537146644070912e-16,-1.8735013540549517e-16,6.678685382510707e-17,-1.1796119636642288e-16,-1.6479873021779667e-16,7.979727989493313e-17,3.469446951953614e-18
37,1.0,-2.8832277388949046,-1.050071660923763,-0.07676410076373816,-0.47357655056345027,0.49419083288932175,0.14406623931756854,-0.22324326493417007,0.23598947186976718,0.31995238097115425,-0.6501122355079478,-0.016484054633671745,-1.2988742026376343e-16,1.5460722979643293e-16,-1.214306433183765e-17,-2.8449465006019636e-16,-1.3010426069826053e-17,-1.2019736334717424e-16,-1.929879867024198e-16,1.734723475976807e-17,1.4094628242311558e-16
37,0.0,6.262325089412414,-0.15862708249996849,-0.8639881281288693,-0.03954708733685024,-0.29676106407969477,-0.14628776714805514,-0.8076563376394776,0.5425403021092032,0.3577385363992743,-0.43553600959394,0.3149422436823977,-2.96637714392034e-16,6.513886652292911e-16,1.457167719820518e-16,2.312603233911581e-16,-2.498001805406602e-16,4.163336342344337e-17,1.6653345369377348e-16,-2.194425197110661e-16,-4.40619762898109e-16
38,1.0,-1.9816924034325767,0.662642593051846,0.9730191297586707,0.4247680212374319,-0.5375000128434075,0.005088281998992552,0.34911726995381476,-0.03342686946197773,0.049388759045887146,-0.22845526158204146,0.028157664817869226,1.6653345369377348e-16,2.2985086056692694e-17,-5.724587470723463e-17,8.326672684688674e-17,-1.6479873021779667e-17,1.3877787807814457e-16,1.457167719820518e-16,-1.214306433183765e-16,9.172350379227368e-17
39,1.0,-2.177634674214134,-0.7788396410602441,-0.2281203890787527,0.21511532867439345,-0.18391257114543225,-0.029860937868679938,0.22666442642246207,0.1384264753733402,-0.05901579193381942,-0.015309471136625917,0.1290129261580992,-5.204170427930421e-17,-1.4051260155412137e-16,1.2836953722228372e-16,-2.636779683484747e-16,-2.498001805406602e-16,1.0408340855860843e-16,-1.942890293094024e-16,-2.2551405187698492e-17,8.500145032286355e-17
39,0.0,1.7933858453326166,-0.5736786322152689,0.18892044681402312,-0.22887914085203978,0.45898773797915726,-0.5241792760669716,-1.1052347532668152,0.05693086759669974,-0.3376541096702196,0.49169867560997393,0.1513314619905301,1.5959455978986625e-16,1.0148132334464322e-16,6.591949208711867e-17,2.1955093992831465e-16,1.4224732503009818e-16,4.85722573273506e-17,-1.5265566588595902e-16,1.5265566588595902e-16,-1.0842021724855044e-16
40,1.0,-1.1843300907655991,-0.5662930935466519,-0.3578655319884349,-0.29523370306041985,-0.007733260610898036,0.19666416919120402,0.04139569691247041,0.09976048357001588,-0.2271151519745623,0.24385368446566305,-0.02237369758129196,1.8041124150158794e-16,-1.2793585635328952e-17,-2.0816681711721685e-17,-2.7755575615628914e-17,2.710505431213761e-17,1.0408340855860843e-16,-5.551115123125783e-17,3.8163916471489756e-17,1.4354836763708079e-16
41,0.0,2.2443121842992992,-0.05693726772705343,-0.8211978257722359,-0.13248559778883778,-0.22451245811248088,-0.1686216798858608,0.5490229143807672,-0.06508374565112188,-0.1831928213217556,-0.08284853407511368,0.04556496043632956,2.896988204881268e-16,-1.682681771697503e-16,3.8163916471489756e-17,-8.760353553682876e-17,-4.9873299934333204e-17,-5.898059818321144e-17,4.163336342344337e-17,-1.0581813203458523e-16,-1.8388068845354155e-16
41,1.0,-3.483746415411051,-1.0090723508473602,-0.4768800033076059,0.4716875191567438,-0.5454443004184522,0.4579680958522651,0.1879220343113725,-0.23541833378138627,-0.25028299817924815,-0.01614714805525859,0.2729693743654059,2.220446049250313e-16,-9.486769009248164e-17,5.204170427930421e-17,-1.5959455978986625e-16,-9.540979117872439e-17,6.938893903907228e-17,9.020562075079397e-17,1.734723475976807e-17,1.1622647289044608e-16
42,1.0,-1.9702804898270734,-0.6298116375108794,-0.2915604579809792,-0.14518460751584641,-0.0670358279429844,0.19257344692893888,-0.24379594612157612,0.26184172525800864,-0.08350203543555311,0.06584356208898359,0.043706643748055794,8.673617379884035e-17,-7.45931094670027e-17,6.938893903907228e-17,-1.5482407023093003e-16,-3.642919299551295e-17,1.1796119636642288e-16,1.734723475976807e-17,-5.204170427930421e-17,1.9081958235744878e-17
42,0.0,-1.5640062397704075,-0.417362958980042,-0.3260365455343838,-0.34032425697727003,-0.7658459068171419,0.3243205761121006,0.23622393379382872,-0.05299710839177005,0.42198153878207995,-0.3356638004121628,0.027699408523383744,1.968911145233676e-16,3.2612801348363973e-16,-4.163336342344337e-17,3.191891195797325e-16,7.806255641895632e-17,1.214306433183765e-16,2.706168622523819e-16,6.938893903907228e-18,-1.9081958235744878e-17
43,1.0,-6.225380006629856,-0.3330747858215552,-1.6676056272487543,0.2162721502626228,0.7559741636663926,-0.7247121987692647,-0.06190325387766769,-0.4615675171367645,-0.14473510205702575,0.016041278657881908,0.02206637768398638,5.238864897449957e-16,-1.457167719820518e-16,-8.760353553682876e-17,8.847089727481716e-17,-1.3877787807814457e-16,9.194034422677078e-17,-9.389190813724468e-17,1.0408340855860843e-16,2.185751579730777e-16
43,0.0,1.3494498088536302,-1.3812979527371392,0.7744659317835788,-0.5321826614289337,-0.345221693808234,-0.20004229091348222,0.5955800404757183,0.1272762744180257,-0.18760989288758212,-0.610328732341481,0.0690286717441187,6.765421556309548e-17,-3.122502256758253e-17,1.5265566588595902e-16,4.2327252813834093e-16,1.2663481374630692e-16,1.0408340855860843e-16,5.421010862427522e-17,-2.42861286636753e-17,4.85722573273506e-17
45,1.0,-3.3578885410885815,-0.020110220162237444,0.8177775920787926,0.4241667031626401,0.1305033554093975,-0.11318862342078753,0.0811250156320147,0.2245371255338654,0.05835113537465834,-0.0794175126660786,-0.20223973550333485,1.222980050563649e-16,-8.673617379884035e-17,-1.465841337200402e-16,-3.0531133177191805e-16,-1.0668549377257364e-16,-3.8163916471489756e-17,-9.8879238130678e-17,-5.724587470723463e-17,1.6653345369377348e-16
46,0.0,0.2642891753166408,-1.0972539978042013,1.2429215939459066,0.09523678331270777,0.13469776456919907,-0.02222532111311832,-0.19076402941534273,-0.07810405469245002,-0.3811851075889046,0.1280463267675042,-0.13841086991497606,-3.217912047936977e-16,2.42861286636753e-17,4.0766001685454967e-16,3.95516952522712e-16,2.654126918244515e-16,8.847089727481716e-17,-3.122502256758253e-17,5.664956351236761e-18,-9.020562075079397e-17
47,0.0,-0.07305731801507634,-0.31592969739012433,1.7513940206162002,0.03158343468218823,-0.042665363750143195,0.19133745037307168,-0.4555803274461087,0.16971404454034383,0.06736558492512552,0.5068224786605998,0.05201664834795787,-3.3480163086352377e-16,-4.718447854656915e-16,2.5673907444456745e-16,2.914335439641036e-16,2.0122792321330962e-16,2.8449465006019636e-16,1.1102230246251565e-16,-6.938893903907228e-18,-1.3877787807814457e-17
49,0.0,-1.821674938137098,-1.2220203180871065,1.0742380191050598,1.3082623949950647,-0.43071486701685746,0.16586814658217,0.7179779698714472,0.018112144376428385,-0.17578836584599059,-0.39446667509176003,-0.14150210112590425,1.496198998029996e-16,2.740863092043355e-16,-1.249000902703301e-16,-5.759281940243e-16,-3.157196726277789e-16,-9.71445146547012e-17,-9.020562075079397e-17,2.220446049250313e-16,2.706168622523819e-16
50,0.0,2.686272932720585,0.8303809051360433,-0.05130337506140213,-0.0584582337116147,0.37777153824862486,0.43400090248550455,-0.03356441589444507,-0.46718845149160915,-0.21184253478963516,0.01588133973331217,0.15540048852193855,-3.469446951953614e-17,2.714842239903703e-16,-3.469446951953614e-17,-3.642919299551295e-17,-1.1058862159352145e-16,6.938893903907228e-18,4.85722573273506e-17,6.532318089225164e-18,-1.5612511283791264e-16
50,1.0,-1.702020934487786,0.19225166585328327,-0.5157901293019583,-0.4253549006180486,-0.597865546600967,0.7527564200327366,-0.44510057350532284,-0.23169690449841507,-0.337930405917723,-0.1681286709199174,0.06275947248501619,2.7755575615628914e-17,3.903127820947816e-18,-3.859759734048396e-17,1.0061396160665481e-16,6.245004513516506e-17,9.020562075079397e-17,2.3245294578089215e-16,-1.0408340855860843e-16,7.806255641895632e-17
51,1.0,-2.3294036788167016,-0.36397366430146905,-0.185314637684711,-0.18895879279150823,-0.8708403070560464,0.11404688713614972,0.10316476717057327,-0.035954650918018305,0.18871857882013426,-0.14635382422435572,0.05588901883567887,1.43982048506075e-16,-1.8908485888147197e-16,7.090682208055199e-17,2.7755575615628914e-17,5.0306980803327406e-17,5.551115123125783e-17,3.7470027081099033e-16,7.28583859910259e-17,-9.71445146547012e-17
51,0.0,1.852352475012905,-0.3105762600422033,0.6459315116662374,-0.17715071408906446,0.22512747493183002,0.2685485765525885,-0.11062505369746581,-0.8654381389630817,-1.027504927089485,-0.10132131124926466,0.0573980543221891,4.5102810375396984e-17,-4.0245584642661925e-16,2.1597307275911248e-16,8.083811398051921e-16,3.365363543395006e-16,-8.500145032286355e-17,5.898059818321144e-17,3.3306690738754696e-16,-4.718447854656915e-16
52,0.0,2.750652685765736,-0.21513904991748992,-0.4182108366681614,-0.01234221089080622,0.7077367685931727,1.2144307267986354,-0.23602528064149303,0.06530116900350229,-0.10341355927148443,-0.31193125713194486,0.02763550103082152,-2.0816681711721685e-16,-1.3877787807814457e-16,2.8102520310824275e-16,2.220446049250313e-16,2.463307335887066e-16,-1.2836953722228372e-16,6.591949208711867e-17,-5.724587470723463e-17,9.71445146547012e-17
53,1.0,2.8305446353357153,1.012932351139731,-0.5142171995959224,-1.0123274383110805,0.38130559755449056,-0.3862216018332023,0.44596826149121593,-0.0660025007756668,-0.13968291081654285,-0.030364607032674018,0.010150175877750772,2.5396351688300456e-15,-5.689893001203927e-16,-6.522560269672795e-16,2.7755575615628914e-16,-3.469446951953614e-16,-9.71445146547012e-17,3.3306690738754696e-16,-2.2898349882893854e-16,-2.220446049250313e-16
53,0.0,4.8395650327211515,0.2662077923878893,-0.615722863878688,-0.23694506865182619,0.3698946995291043,-0.15066878392696742,-0.41432436524900396,-0.19150367504406007,0.5175261665715558,-0.322531646732527,0.40614265175471953,-3.365363543395006e-16,5.259735789270303e-16,-3.469446951953614e-17,-1.231653667943533e-16,3.89011739487799e-16,1.3183898417423734e-16,-1.3877787807814457e-16,-9.367506770274758e-17,-5.065392549852277e-16
54,1.0,-1.367942657756898,0.08597204490166599,0.4172960746121116,0.3195858192222404,-0.21292018498403603,0.234473902719538,-0.0786846699689779,0.26580987365693426,-0.32132976001689156,-0.01240936278038331,0.05736169018615578,2.393918396847994e-16,1.0842021724855044e-16,2.4936649967166602e-17,-1.5265566588595902e-16,-9.974659986866641e-18,-1.0408340855860843e-16,-9.367506770274758e-17,3.122502256758253e-17,2.931682674400804e-16
54,0.0,0.05025355877830036,0.617820801520222,-1.0953949320745742,-0.0034411207140364886,0.11037874772360329,-0.1917758736334684,0.18580800794237046,0.21996475051632544,-0.07380829815100902,0.15013427023835435,0.1451937170874172,1.0408340855860843e-16,4.2500725161431774e-17,2.6020852139652106e-17,1.7889335846010823e-16,-6.938893903907228e-17,9.020562075079397e-17,-1.986258379993444e-16,-6.505213034913027e-17,0.0
55,0.0,1.2067560679883753,0.07790442108059978,0.6459340063077815,-0.17796515038351385,-0.5946592309828057,-0.7952515265469595,0.9491006550989542,0.27360550956406493,-0.2811739580546926,0.03401394258780477,0.15897743713553633,2.3592239273284576e-16,5.898059818321144e-17,-7.632783294297951e-17,2.8449465006019636e-16,4.5102810375396984e-17,1.4051260155412137e-16,0.0,-1.6653345369377348e-16,4.5211230592645535e-17
55,1.0,-1.4251880112619286,0.4735134263523833,0.8115050902033751,-0.26185605327254663,-0.1902976483854953,-0.1929005215812649,-0.320828218993081,0.023333691370871046,0.09092231140336032,-0.06487831166307238,0.06586635367775111,1.1449174941446927e-16,2.0296264668928643e-16,9.71445146547012e-17,1.4051260155412137e-16,-3.0140820395097023e-17,5.898059818321144e-17,8.825405684032006e-17,-9.367506770274758e-17,-1.1709383462843448e-17
56,1.0,-0.5333068259179556,0.9881972606346997,0.3361155697429361,-0.25295641936900126,-0.31149840637398923,0.2462504414302061,-0.6198576709636513,0.21304772115176504,0.21110627140315313,0.007641377095012461,0.06329399121205789,6.938893903907228e-17,-7.042977312465837e-16,-1.457167719820518e-16,-3.157196726277789e-16,-2.740863092043355e-16,-1.249000902703301e-16,-3.469446951953614e-17,1.0408340855860843e-17,1.8041124150158794e-16
56,0.0,0.9432962640416885,0.6738064036786894,0.33168314276111255,0.1904678319775783,0.3596536946703228,0.28814921085717393,-0.3019394977518723,-0.3812601165353666,0.0482221333009448,0.19241143972098718,-0.04167532872042197,-2.3245294578089215e-16,5.984795992119984e-17,3.0682921481339775e-17,-2.949029909160572e-16,-1.3530843112619095e-16,2.949029909160572e-17,-5.637851296924623e-17,-7.28583859910259e-17,-3.2612801348363973e-16
57,1.0,-1.1362373084454664,-0.1797767960749138,0.20705975872077287,-0.05308087718696229,0.30078872653507654,-0.04970745832059949,-0.44093690938365593,0.41473796374196265,-0.316165396943567,0.27477246426703217,-0.04285568081595469,2.0296264668928643e-16,-3.3133218391157016e-16,1.0408340855860843e-16,6.765421556309548e-17,-1.2533377113932431e-16,1.0842021724855044e-17,3.3306690738754696e-16,3.209238430557093e-17,6.938893903907228e-17
58,0.0,-2.5742343303710973,1.2711881453956413,0.12149572986550686,1.4632077976062072,-0.40399110465170074,0.38038946690081,-0.26307707619466064,0.11771269364844017,-0.023337830725349187,0.5645045911092008,-0.01905782012045168,3.400058012914542e-16,-1.6306400674181987e-16,0.0,-1.249000902703301e-16,4.163336342344337e-16,-1.0408340855860843e-16,-2.7755575615628914e-17,6.245004513516506e-17,2.220446049250313e-16
59,1.0,-0.03877152474212875,-0.033452141082365855,0.9309934523624579,0.862160026447059,-0.75672269998793,-0.28491502672368046,-0.5310984710824601,-0.16858173723008688,0.04559155602743698,0.11330442772316335,0.002037104136439552,3.122502256758253e-17,-7.632783294297951e-17,1.734723475976807e-16,-6.314393452555578e-16,-1.1449174941446927e-16,3.608224830031759e-16,-1.942890293094024e-16,-1.6653345369377348e-16,-1.3877787807814457e-17
61,0.0,-2.63859981981986,1.050036589606949,-0.20010684930558126,0.5728028838768499,0.4551416217857744,0.9979096866520939,0.32344697873416045,-0.4759118786883574,0.1660596466682236,-0.1984125074637198,0.22704784327763827,-3.3133218391157016e-16,1.5612511283791264e-16,1.457167719820518e-16,-8.326672684688674e-17,1.491862189340054e-16,2.0643209364124004e-16,2.498001805406602e-16,-9.71445146547012e-17,3.174543961037557e-16
62,0.0,0.1238788268694864,-0.37906559285055164,-0.9574017223472163,-0.4464057496886635,0.08947102280286312,-0.06004165622654109,0.4509888606158185,0.0399765243777485,0.033358064995884215,0.4412273699833582,0.0033844773350098153,7.28583859910259e-17,-1.0668549377257364e-16,8.673617379884035e-17,-6.591949208711867e-17,1.43982048506075e-16,-1.6306400674181987e-16,4.85722573273506e-17,2.0816681711721685e-16,-6.938893903907228e-18
62,1.0,-1.0776424832372444,0.021677493546503064,0.16752250040232852,-0.15868752318633939,-0.015319950731090808,-0.06145564126824978,0.049420848303297224,0.33095810849063817,0.10829506050516571,0.21299433259441658,-0.11518027637296306,2.7755575615628914e-16,-1.1275702593849246e-16,-9.71445146547012e-17,-1.7558654183402744e-16,-1.938553484404082e-16,-4.85722573273506e-17,1.734723475976807e-16,1.231653667943533e-16,1.4224732503009818e-16
63,0.0,3.4920425313748735,0.11063731844466745,0.4161558599363021,0.8994743992197864,0.4892184366928408,-0.1581244438905255,0.4309470693574925,0.02699748872260979,0.06222920845099419,0.32621500922488283,-0.13707500049024396,4.683753385137379e-17,2.0816681711721685e-16,-1.1102230246251565e-16,6.245004513516506e-17,-1.0061396160665481e-16,-6.245004513516506e-17,2.6020852139652106e-17,9.540979117872439e-18,2.168404344971009e-18
65,0.0,3.5238927747165305,-0.09939972291113044,-0.52800730533708,0.0012618456432674507,0.5385346436314025,0.08052271682038249,-0.19176640160580502,-0.5539846356010573,0.09900976031565067,-0.054968249644367674,-0.05044794735506532,-3.0878077872387166e-16,4.3281350725621337e-16,4.2500725161431774e-17,-9.020562075079397e-17,-6.158268339717665e-17,-8.326672684688674e-17,-5.2909066017292616e-17,3.8163916471489756e-17,-1.4224732503009818e-16
67,0.0,-0.81373061828108,1.599731419207543,-0.5542181836571187,-0.2911937872525755,0.12865169611592053,-0.11850854114554471,-0.14572585751450048,-0.36532725442799985,0.4797300807934337,-0.047983294192874934,-0.080163111928107,-1.0061396160665481e-16,2.0122792321330962e-16,-9.020562075079397e-17,-1.3877787807814457e-17,1.7694179454963432e-16,4.85722573273506e-17,-1.8214596497756474e-16,-6.245004513516506e-17,-1.3183898417423734e-16
68,0.0,0.8115247970217432,-0.6452894621474381,0.06409294955382062,0.36304341060407685,-0.20298747686234808,0.10269761563618063,0.2072912290200397,-0.23047494183134848,0.20687471171754548,-0.1343226265675551,0.17206195416233844,1.5612511283791264e-17,-3.365363543395006e-16,2.5847379792054426e-16,-3.191891195797325e-16,-3.642919299551295e-17,2.1510571102112408e-16,-1.9060274192295168e-16,4.163336342344337e-17,3.0531133177191805e-16
74,0.0,0.1287594270435832,-0.4499541609615832,0.39771112853130797,-0.38531449225551734,0.43265628302206943,-0.6144715375561179,-0.11653064326797326,-0.0396590679578433,0.476575639928504,0.38831049646881544,0.09281076920334984,9.627715291671279e-17,-2.1163626406917047e-16,1.0148132334464322e-16,4.649058915617843e-16,2.9392720896082025e-16,1.1796119636642288e-16,8.326672684688674e-17,-2.5153490401663703e-16,6.938893903907228e-18
76,0.0,4.636161005813525,0.5936486171361055,0.042939587963726836,0.6062748697661117,0.05268766686430823,-0.4055304876644587,-0.8839894238553351,0.1375769611848125,-0.15632458457824003,-0.15797151142763066,-0.39608853049105647,-2.914335439641036e-16,1.97758476261356e-16,1.6653345369377348e-16,1.3791051634015616e-16,-1.5785983631388945e-16,-1.1102230246251565e-16,6.938893903907228e-18,-7.632783294297951e-17,-1.249000902703301e-16
77,0.0,5.3626615663765245,-0.3068239403640641,-1.051485984668283,0.04561267040736637,0.2561934149212955,-0.45990349080583104,-0.04119650445401264,-0.14438856490158117,-0.043460348153072634,0.6560608180253831,0.12050965302025962,-2.1163626406917047e-16,-1.8214596497756474e-16,0.0,-4.85722573273506e-17,-1.6393136847980827e-16,1.6653345369377348e-16,-4.163336342344337e-17,-2.1163626406917047e-16,-2.706168622523819e-16
78,0.0,2.0631694550488464,0.31409567194113,0.5161500812698725,0.09241902959354477,0.486155595889831,0.9267819678940222,-0.5206261325683391,-0.08073825925524936,-0.31644599825131325,-0.20149145272786873,-0.1139630155604851,-3.0531133177191805e-16,6.765421556309548e-17,4.163336342344337e-17,0.0,-8.370040771588094e-17,-1.1622647289044608e-16,2.0816681711721685e-17,-1.6653345369377348e-16,4.5102810375396984e-17
79,0.0,5.3783592816751185,-0.09181290235634823,0.1009769186244572,-0.37030515623322047,-0.09091346756168138,-1.1414164822983386,0.021648412098950923,0.7559421918221036,-0.5982670078064108,-0.2323473862886174,0.012699808724507003,-6.591949208711867e-16,3.7470027081099033e-16,-4.718447854656915e-16,-1.3877787807814457e-16,-2.0816681711721685e-16,-2.0816681711721685e-17,2.3592239273284576e-16,8.326672684688674e-17,-2.345129299086146e-16
80,0.0,0.568335698364512,-0.5226963957677413,-0.24081548212754475,-0.2424865049228723,0.36049809372558556,0.10428270412880136,-0.1384429265219972,-0.09392311907509915,-0.10925968098249185,0.3630789940800241,0.13889297213337504,2.0122792321330962e-16,-4.683753385137379e-16,2.6020852139652106e-17,-3.434752482434078e-16,1.0234868508263162e-16,-1.3877787807814457e-16,-1.1102230246251565e-16,1.0408340855860843e-17,3.469446951953614e-17
81,0.0,0.1996431312228265,0.7870127331686717,0.2607247568373091,0.16716299405654342,-0.17268900522147898,0.22543065037092694,-0.3749407262263914,-0.21884820572244457,-0.08725227027915011,-0.6975943876851102,0.08409133718475936,-4.336808689942018e-17,1.491862189340054e-16,2.0122792321330962e-16,2.1163626406917047e-16,1.734723475976807e-18,2.42861286636753e-17,-2.5673907444456745e-16,-5.204170427930421e-17,-6.938893903907228e-18
82,0.0,2.674848156120001,1.2993908312845612,-1.1533527838025923,-0.4683122388179533,0.7420541179371456,-0.4382310006698939,-0.3571648856752347,-0.3823449143495642,1.108243927778767,-0.3323428255210746,-0.11909950528201427,-1.3530843112619095e-16,1.1275702593849246e-16,-2.1478045036937843e-16,-2.654126918244515e-16,-2.949029909160572e-17,-4.380176776841438e-16,-4.748805515486509e-16,1.2576745200831851e-16,-1.3877787807814457e-17
83,0.0,-0.5465851591364761,1.187410064491,1.2223525411373226,1.4717568481268906,-0.6765590157490307,-0.7988779294338856,0.059099239334058494,0.2669939302414842,-0.20999774416123795,-0.13954785117731938,-0.20162699986032326,9.71445146547012e-17,-6.088879400678593e-16,7.632783294297951e-17,1.3877787807814457e-17,2.5500435096859064e-16,2.723515857283587e-16,-5.204170427930421e-16,-1.5699247457590104e-16,-1.5265566588595902e-16
85,0.0,-1.8026959435018952,-0.224618944314159,-0.8329708791172408,0.21229724884168044,0.2368129194098408,-0.4452487400250756,0.2766025713945924,0.366873855813721,0.41348974240939673,0.019482422146967528,0.17688395615491143,3.0010716134398763e-16,9.497611030973019e-17,1.0408340855860843e-17,-2.168404344971009e-17,-3.2959746043559335e-17,2.7755575615628914e-17,-2.220446049250313e-16,-5.551115123125783e-17,-5.724587470723463e-17
87,0.0,6.3155233797790284,0.7115334968831275,-0.487392953929972,0.35558254520377286,-0.7439870372742736,-0.11057239183435214,-0.5064493112187289,0.6095120307233196,0.7837994722916984,0.3943799011858291,-0.14821171428061097,-4.926614671774132e-16,6.38378239159465e-16,-1.942890293094024e-16,7.979727989493313e-17,9.020562075079397e-17,1.6653345369377348e-16,3.0531133177191805e-16,7.806255641895632e-18,-5.134781488891349e-16
88,0.0,1.3970700754305887,0.5111519743400648,-0.06043192949674998,0.25011623594258847,0.041474581148493804,-0.2925818738776133,0.21737348891583036,0.17096985835969514,0.3752397528150737,0.4377216204637927,-0.0967221562754075,2.706168622523819e-16,9.020562075079397e-17,-5.551115123125783e-17,-1.8388068845354155e-16,-4.163336342344337e-17,-4.5102810375396984e-17,-1.1796119636642288e-16,2.7755575615628914e-17,1.2836953722228372e-16
91,0.0,4.552557059534963,0.25632966040459493,0.023611870906439125,0.9315194992062436,0.8923212290987724,-0.1579280780065621,0.3265993694421703,-0.18098571956502094,0.18653619687648804,0.2510717442558289,-0.3194377506333751,8.196568423990414e-17,-4.111294638065033e-16,1.6306400674181987e-16,-3.122502256758253e-17,-2.0816681711721685e-17,-1.3877787807814457e-17,3.469446951953614e-17,-1.3704315460216776e-16,-1.0755285551056204e-16
92,0.0,-1.0466926119436069,0.6575636454589726,0.36766666201129045,0.5156472228208713,-0.20548175868385649,0.2859447653657615,0.008930290154789772,-0.332674929566406,0.10585463633337534,0.03770591015805401,-0.1450931285651118,9.020562075079397e-17,3.2612801348363973e-16,0.0,-7.567731163948821e-17,7.28583859910259e-17,1.8041124150158794e-16,-1.3183898417423734e-16,4.163336342344337e-17,8.326672684688674e-17
93,0.0,-1.574684556163503,1.3016284034060412,0.15881422049197785,0.20547495705492494,-1.0988510220262806,-0.30094007567727726,0.3044308777811112,-0.1784451974170409,-0.1060428855386608,0.33664417493896953,-0.054296608671513105,3.608224830031759e-16,1.3227266504323154e-16,1.3877787807814457e-16,-2.3245294578089215e-16,5.850354922731782e-16,2.914335439641036e-16,6.245004513516506e-17,-2.1163626406917047e-16,-7.632783294297951e-17
95,0.0,2.504080331209111,-0.6383616953217497,0.02786599913146002,-0.07193124343588365,0.050233892007389286,-0.08821410777684621,0.42389217640038374,-0.6402004235847223,0.707755212563508,-0.1260473951405837,0.0568120601614839,-2.706168622523819e-16,-2.42861286636753e-17,-8.673617379884035e-17,9.454242944073599e-17,1.2663481374630692e-16,-1.5265566588595902e-16,-1.0148132334464322e-16,-1.1275702593849246e-16,-3.0184188481996443e-16
96,0.0,-0.768419052170008,1.5816542384445693,-0.07444172470239288,0.33403601701441665,0.1865890131956843,-0.2609991335900122,0.4110367307759005,0.0803293271963062,0.24606558327241923,-0.28720996111840674,-0.19916568093814885,1.214306433183765e-16,-2.636779683484747e-16,-2.2551405187698492e-17,-1.97758476261356e-16,-2.42861286636753e-16,-2.255140518769849e-16,-1.474514954580286e-17,-7.28583859910259e-17,-2.42861286636753e-17
97,0.0,-1.3912166019187195,-0.9903775413616064,0.3881745710262401,0.037697232470558284,-0.01922943025873114,-1.0834818226866771,-0.0048080275751731655,-0.6618344984671753,0.3212444048757786,0.46721929213131763,0.15186583007596882,-1.061650767297806e-15,2.992397996059992e-16,-5.342948306008566e-16,2.1510571102112408e-16,2.1684043449710089e-16,4.38451358553138e-16,-9.020562075079397e-17,-1.6653345369377348e-16,1.942890293094024e-16
98,0.0,-3.610441544406949,1.7322757508119238,-0.10601581300164874,1.2300485663808218,-0.5871332877205796,-0.5616249537466482,-0.3163976930002174,-0.24649937929385296,0.46279430211282824,0.4357547281414194,0.09274583423435448,4.996003610813204e-16,1.7694179454963432e-16,-2.8449465006019636e-16,2.220446049250313e-16,-9.020562075079397e-17,-2.0816681711721685e-17,-5.551115123125783e-17,3.8163916471489756e-17,1.1449174941446927e-16
99,0.0,4.238926173017748,-0.34783654252653984,-0.7402655541459668,0.4507121897669417,0.38510356651639066,-0.16813252957011826,-0.17349143032831327,-0.041404921524440086,-0.33563001566517287,0.08516441389165164,0.16320802231490497,-1.4224732503009818e-16,-1.1188966420050406e-16,9.540979117872439e-17,-2.7755575615628914e-17,-1.6046192152785466e-16,-2.0816681711721685e-17,-2.220446049250313e-16,-1.6653345369377348e-16,6.938893903907228e-18
100,0.0,-0.04903897460306157,0.7861332383110541,-0.21063404157958263,-0.90040420359512,-0.47618423987206787,-0.4482991494804361,-0.2813183138928732,-0.5344610536073239,-0.1425004280161785,-0.24025614108391288,0.20334195237339137,-4.683753385137379e-17,-6.5052130349130266e-18,5.0306980803327406e-17,1.222980050563649e-16,9.84455572616838e-17,2.0816681711721685e-17,-3.642919299551295e-17,-1.6046192152785466e-16,-2.3592239273284576e-16
101,0.0,0.5639018827523223,-1.2092443403299824,0.49596802080376323,-0.3908175550736287,0.3701036324239162,-0.12815419305859316,0.046893354689296646,0.006484981642196474,-0.3565253221805896,0.5426520763038265,-0.07924853999714974,-5.204170427930421e-18,-1.8388068845354155e-16,2.220446049250313e-16,3.8163916471489756e-16,2.3592239273284576e-16,1.474514954580286e-16,2.5153490401663703e-17,-8.500145032286355e-17,1.734723475976807e-16
102,0.0,4.660011804984351,1.8369670889253404,0.6994729582993957,-1.4987500578923076,-1.5066437094361482,0.43285384378431385,-0.2944605550817143,-0.4186359413066688,-0.40734998595771144,-0.4054345755034733,-0.13965290890929632,-2.1510571102112408e-16,9.367506770274758e-16,-1.942890293094024e-16,-3.677613769070831e-16,1.3877787807814457e-16,2.7755575615628914e-17,6.938893903907228e-17,6.245004513516506e-17,-7.077671781985373e-16
103,0.0,2.52113668864295,0.08674064466093968,-0.18833130706869347,0.5223429545118805,-0.07706397499553336,0.18475103096553663,0.14466677526488858,-0.34309715069862284,-0.41488106759158705,0.4047786453319808,0.2872806351619642,2.740863092043355e-16,-1.1882855810441129e-16,9.020562075079397e-17,3.469446951953614e-17,-1.1102230246251565e-16,-2.498001805406602e-16,-1.3877787807814457e-17,1.8041124150158794e-16,-1.249000902703301e-16
104,0.0,-0.4592300087024288,-0.2768867247741156,0.709925621290903,1.4081954154278722,0.2853927076952097,-0.2400913118503904,0.20055802981537937,-0.22983445345296583,0.06917345997692173,0.1081439924490167,0.21699224186139057,-1.196959198423997e-16,-8.847089727481716e-17,2.255140518769849e-16,1.8041124150158794e-16,8.673617379884035e-18,-1.0408340855860843e-17,1.3183898417423734e-16,9.367506770274758e-17,2.0816681711721685e-17
105,0.0,1.3647682416264995,0.18765772190567354,0.750289379860863,0.35821431133794956,0.266739958201505,0.15892426534623716,0.8010034893871348,-0.12434647426161544,0.0853424117832238,0.04520957146807354,0.1684210470011159,3.400058012914542e-16,-2.211772431870429e-16,-1.1449174941446927e-16,-2.0122792321330962e-16,-1.3183898417423734e-16,-1.3877787807814457e-17,-1.474514954580286e-16,-1.9081958235744878e-17,-5.095750210681871e-17
107,0.0,0.9152348611389073,-0.021015685082240804,0.42496123746899617,0.24034457619928293,-0.17838047989538786,-0.7211186650177941,0.5384060809789565,0.23650473462066093,0.40845092577812075,-0.09335869947774715,-0.04592190410301897,-3.8163916471489756e-17,2.914335439641036e-16,-2.220446049250313e-16,1.196959198423997e-16,-3.8163916471489756e-17,-2.5153490401663703e-17,4.5102810375396984e-17,-7.632783294297951e-17,1.9949319973733282e-16
108,0.0,-1.580252990062066,1.1284977026286,-0.4797262718311863,1.1060529923146911,1.1739482370050378,2.0132646644558356,0.6215007099277847,0.7135350145104733,-0.08926247346813102,0.6406068798609207,-0.11936023331465505,-1.1796119636642288e-16,7.73686670285656e-16,1.3877787807814457e-16,2.3418766925686896e-17,6.288372600415926e-17,4.163336342344337e-17,0.0,-5.967448757360216e-16,2.706168622523819e-16
109,0.0,0.4874969255901096,1.18481897840889,-0.8935852010164412,-0.110863724836721,0.18836759906274814,-0.19246768630249542,0.4411359264906143,-0.26597958242571446,0.2227619664263487,0.08206146320996324,-0.0041229124212776025,2.949029909160572e-16,1.214306433183765e-16,7.632783294297951e-17,-2.463307335887066e-16,-2.0816681711721685e-17,-1.4224732503009818e-16,-1.942890293094024e-16,-1.8735013540549517e-16,5.898059818321144e-17
111,0.0,0.02907869202672214,-1.0013770676544655,0.28396181102895945,-0.07250781443450882,0.7858942078475475,-0.3235587551710835,-0.3806555246224,0.31707214682312435,-0.09766886331693414,0.3260996416837585,0.031300497070853736,-4.163336342344337e-17,3.3133218391157016e-16,4.649058915617843e-16,5.487147194949138e-16,4.206704429243757e-16,1.0755285551056204e-16,6.938893903907228e-17,1.8735013540549517e-16,-9.367506770274758e-17
112,0.0,1.39460656164491,0.22280447492384475,0.8978006170848566,1.2686383784481627,-0.0010285449077004488,-1.2048138970574687,-0.5794236920511413,0.8109175993928037,-0.37170573066807416,-0.036755897153746636,0.3358117587514178,-8.955509944730267e-17,1.1796119636642288e-16,-2.983724378680108e-16,1.9081958235744878e-16,6.591949208711867e-17,-1.4224732503009818e-16,1.942890293094024e-16,-1.1796119636642288e-16,-2.2898349882893854e-16
113,0.0,1.0249114329378965,0.15122965913293387,0.8473417293956025,0.254341371509722,0.7875407332311165,-0.43694940893457757,-0.16153070841564815,-0.6424634561692286,-0.4689259461793435,-0.07732110750726637,0.027764292958440823,-2.7755575615628914e-17,-1.5352302762394743e-16,-2.2724877535296173e-16,1.8388068845354155e-16,-1.734723475976807e-17,2.0816681711721685e-17,-7.112366251504909e-17,7.632783294297951e-17,-1.7694179454963432e-16
114,0.0,-2.179575223250424,1.083674916269654,-0.7940724178081373,1.0034152170175183,1.7883745891749931,1.5305306108214354,-0.07384197915624582,-0.5270161758760632,-0.4293569720259908,-0.40796592507575263,-0.12725738247328863,-9.783840404509192e-16,4.40619762898109e-16,3.0531133177191805e-16,3.3566899260151217e-16,2.8406096919120216e-17,7.632783294297951e-17,2.7755575615628914e-16,-3.8163916471489756e-16,4.787836793695988e-16
116,0.0,0.29963890267071147,1.1038025627923522,0.13593168524041244,1.1518158695509293,0.9856696265553423,1.1609924264379994,0.015141957431726777,0.4097013919189032,0.9319457660807708,-0.22249434649702154,0.09663167782034962,-1.124100812432971e-15,9.020562075079397e-17,-2.7755575615628914e-17,1.723881454251952e-16,-1.739060284666749e-16,-2.220446049250313e-16,4.3021142204224816e-16,-6.591949208711867e-17,6.938893903907228e-16
117,0.0,-0.6166753026628167,0.38945193513147086,1.212543243878398,0.7964403903781706,0.19317307542521356,-0.4429334440032147,-0.004972069986267352,-0.6133699329010703,-0.2656390885036591,-0.05248570121510904,-0.07339403538696729,-6.938893903907228e-18,-4.85722573273506e-17,6.938893903907228e-17,-3.8163916471489756e-17,-2.636779683484747e-16,-2.42861286636753e-17,-2.7755575615628914e-17,-3.148523108897905e-16,3.3263322651855276e-16
118,0.0,2.043162824675211,0.319275258033698,0.9145328863580084,0.20997814827803382,0.42399730318607015,-0.825945510261776,-0.06535428231009302,-0.14387764880347254,-0.036129685750429644,-0.13281904598138938,-0.1935101919244336,-1.0018028073766061e-16,1.951563910473908e-17,3.122502256758253e-17,1.8908485888147197e-16,-1.3877787807814457e-16,4.85722573273506e-17,-9.020562075079397e-17,7.632783294297951e-17,-2.6020852139652106e-18
119,0.0,1.6339835905298652,0.3356902209290544,0.5242813338000183,-0.15758835125771353,-0.3358820861702667,-0.19719113795974258,1.2979732805659845,0.1637721124457663,0.1573481775451889,0.04736990687768082,0.014095072386934908,2.3245294578089215e-16,2.7755575615628914e-17,-1.942890293094024e-16,1.214306433183765e-16,1.4224732503009818e-16,7.28583859910259e-17,6.938893903907228e-17,7.632783294297951e-17,1.3010426069826053e-17
