,label,PCA_feature_2,PCA_feature_3,PCA_feature_13,PCA_feature_128,PCA_feature_129,PCA_feature_130,PCA_feature_131,PCA_feature_135,PCA_feature_137,PCA_feature_142,PCA_feature_143,PCA_feature_145,PCA_feature_146,PCA_feature_147,PCA_feature_153,PCA_feature_155,PCA_feature_156,PCA_feature_158,PCA_feature_160,PCA_feature_162
1,0.0,-0.3508062245247552,-20.704172677364035,0.5458396516213753,8.36136715420821e-16,3.608224830031759e-15,-1.908195823574488e-15,1.8578888427711604e-15,2.8796409701215e-16,-1.9845236565174673e-15,-5.030698080332741e-16,2.0816681711721685e-15,-4.649058915617843e-16,9.71445146547012e-16,2.983724378680108e-16,1.609823385706477e-15,-3.3306690738754696e-16,6.38378239159465e-16,-7.632783294297951e-16,-3.920475055707584e-16,4.3021142204224816e-16
1,1.0,-7.226435699639554,22.923878217561438,6.281213650839398,-2.2065682614424986e-15,-8.076872504148014e-15,3.5882755100580255e-15,-6.591949208711867e-17,2.7651492207070305e-15,5.336009412104659e-15,-5.637851296924623e-16,-2.3037127760972e-15,7.077671781985373e-16,-5.967448757360216e-16,-5.689893001203927e-16,-1.4155343563970746e-15,-4.440892098500626e-16,-1.5230872119076366e-15,-6.782768791069316e-16,8.881784197001252e-16,-3.0635216585750413e-15
2,0.0,0.7722204928988893,-4.659755304834523,-3.717302344050841,-2.2412627309620348e-15,-1.0332013022917863e-14,2.1441182163073336e-15,-3.1953606427492787e-15,1.1796119636642288e-15,5.537237335317968e-15,1.3877787807814457e-17,-1.3600232051658168e-15,-1.2576745200831851e-15,7.251144129583054e-16,-2.8935187579293142e-15,-9.610368056911511e-16,-3.3306690738754696e-16,5.134781488891349e-16,1.096345236817342e-15,4.820796539739547e-15,1.394717674685353e-15
2,1.0,-1.3533672270778556,32.129038064447805,-12.511770909106481,-1.3565537582138631e-15,-7.271960811294775e-15,-2.1163626406917047e-15,-8.916478666520788e-16,2.6732088764802597e-15,8.049116928532385e-15,-1.1657341758564144e-15,-2.130240428499519e-15,-2.473715676742927e-15,1.0408340855860843e-15,-2.373101715136272e-15,5.898059818321144e-16,1.9567680809018384e-15,-3.122502256758253e-16,-8.81239525796218e-16,2.55351295663786e-15,-8.396061623727746e-16
3,1.0,-14.290481634488552,-8.496784974305262,-0.35516190139644943,-6.38378239159465e-16,-6.041174505089231e-16,4.787836793695988e-16,-4.0939474033052647e-16,4.163336342344337e-17,-3.9898639947466563e-17,-5.0306980803327406e-17,-8.500145032286355e-17,4.163336342344337e-17,-1.3877787807814457e-17,-1.762479051592436e-15,-1.3600232051658168e-15,1.8388068845354155e-16,2.8449465006019636e-16,4.440892098500626e-16,1.6375789613221059e-15,4.0245584642661925e-16
5,1.0,-9.096729085532258,-1.4797168132544616,3.4130552704468253,-3.469446951953614e-16,-2.1163626406917047e-15,6.245004513516506e-17,-2.851885394505871e-15,-3.0704605524789486e-16,-8.326672684688674e-16,6.865168156178214e-16,-1.186550857568136e-15,9.575673587391975e-16,7.979727989493313e-16,2.220446049250313e-16,-6.245004513516506e-16,3.122502256758253e-16,-5.672545766444159e-16,3.9898639947466563e-16,9.992007221626409e-16,-5.828670879282072e-16
5,0.0,9.100181839822339,5.616500721972716,-3.279802038660538,1.2351231148954867e-15,2.831068712794149e-15,-3.698430450782553e-15,2.2768245622195593e-16,2.67841304690819e-15,-1.1934897514720433e-15,1.2200865860158283e-15,-3.2612801348363973e-15,-2.9386215683047112e-15,3.3046482217358175e-15,-7.771561172376096e-16,1.9984014443252818e-15,2.886579864025407e-15,-1.3322676295501878e-15,-1.0269562977782698e-15,-1.5785983631388945e-15,4.935288289154016e-16
6,1.0,-9.820885048444259,-5.143296072004946,2.524770844681156,-3.5041414214731503e-16,-1.0729264698916552e-15,-1.3149203947904198e-15,-1.9853910182554557e-15,-5.412337245047638e-16,-8.396061623727746e-16,1.7728873924482969e-15,4.163336342344337e-17,3.608224830031759e-16,-3.0878077872387166e-16,8.187894806610529e-16,-1.5300261058115439e-15,5.759281940243e-16,-2.498001805406602e-16,1.1102230246251565e-16,8.604228440844963e-16,-5.551115123125783e-16
7,0.0,-7.341917311351689,-13.282130587128474,0.9570888840127757,1.700029006457271e-16,1.915134717478395e-15,-1.1921887088650607e-15,1.734723475976807e-16,1.1102230246251565e-16,-2.123301534595612e-15,1.4589024432964948e-15,6.522560269672795e-16,3.434752482434078e-16,-3.9898639947466563e-17,-1.5265566588595902e-16,7.181755190543981e-16,1.3322676295501878e-15,-3.0531133177191805e-16,6.938893903907228e-16,2.203098814490545e-16,9.783840404509192e-16
7,1.0,-5.841690641053986,-3.4308148144348847,2.389264262677972,-8.326672684688674e-17,-1.611991790051448e-15,-8.465450562766819e-16,-1.8457457784393227e-15,2.0469737016526324e-15,-2.1198320876436583e-15,-5.828670879282072e-16,5.551115123125783e-17,9.17668718791731e-16,1.700029006457271e-16,-2.7755575615628914e-16,-6.453171330633722e-16,-2.220446049250313e-16,4.440892098500626e-16,3.2612801348363973e-16,1.3183898417423734e-15,3.660266534311063e-16
8,0.0,-6.835924746423361,-12.415014510488243,-2.356501199889854,-2.393918396847994e-16,1.6306400674181987e-16,2.7755575615628914e-16,-2.1163626406917047e-15,3.0531133177191805e-16,-1.27675647831893e-15,6.245004513516506e-17,-1.2351231148954867e-15,2.42861286636753e-16,1.6653345369377348e-16,8.187894806610529e-16,-2.8796409701215e-16,-4.996003610813204e-16,9.992007221626409e-16,9.992007221626409e-16,8.118505867571457e-16,-3.885780586188048e-16
8,1.0,-8.073774863263825,-8.18200702701287,2.261142167634162,-2.914335439641036e-16,-1.033895191682177e-15,1.7797178661349555e-16,-6.739400704169896e-16,7.077671781985373e-16,-3.0531133177191805e-16,-3.9898639947466563e-16,6.938893903907228e-17,-5.169475958410885e-16,1.1622647289044608e-16,-1.2108369862318114e-15,-9.115971866258121e-16,9.71445146547012e-16,1.3877787807814457e-16,8.049116928532385e-16,1.3548190347378863e-15,7.667477763817487e-16
9,0.0,72.407737738879,-5.210669040533466,0.4387171449766265,-1.968911145233676e-16,-1.061650767297806e-15,1.457167719820518e-16,6.022959908591474e-15,-8.916478666520788e-16,-2.5673907444456745e-15,-2.3433945756101693e-15,2.185751579730777e-15,-4.621303340002214e-15,2.987193825632062e-15,1.249000902703301e-16,1.304512053934559e-15,-2.942091015256665e-15,2.040034807748725e-15,-4.385380947269368e-15,1.304512053934559e-15,-2.3418766925686896e-16
10,1.0,6.507317647736496,5.070351615238595,2.147838194650376,3.469446951953614e-18,2.9524993561125257e-15,1.6514567491299204e-15,-5.766220834146907e-15,1.033895191682177e-15,3.469446951953614e-17,6.036837696399289e-16,-1.1310397063368782e-15,-1.1483869410966463e-15,1.5959455978986625e-16,-5.551115123125783e-17,1.7486012637846216e-15,2.5691254679216513e-15,-1.817990202823694e-15,-3.875372245332187e-15,-2.609024107869118e-15,-1.1102230246251565e-16
11,0.0,15.006012505722746,-4.539032954891779,-5.091538716687707,1.5612511283791264e-15,7.153999614928352e-15,-3.299444051307887e-15,8.069933610244107e-15,5.551115123125783e-17,-2.706168622523819e-15,-5.759281940243e-16,1.7069679003611782e-15,-1.7381929229287607e-15,-5.48172618408671e-16,8.81239525796218e-16,2.6645352591003757e-15,2.796374243274613e-15,1.3877787807814457e-16,-2.060851489460447e-15,-1.887379141862766e-15,1.609823385706477e-15
11,1.0,-7.617916552513526,-9.042166587126967,1.5535672857593186,-1.3877787807814457e-16,7.28583859910259e-16,-6.359929943799969e-16,2.7755575615628914e-17,-2.7755575615628914e-17,4.163336342344337e-16,-2.2898349882893854e-16,2.949029909160572e-17,-4.579669976578771e-16,5.065392549852277e-16,-3.5388358909926865e-16,-8.326672684688674e-16,5.759281940243e-16,-5.967448757360216e-16,6.245004513516506e-17,-1.5265566588595902e-16,-1.214306433183765e-16
12,1.0,7.8516219558640765,3.8257093178742414,3.555302782672919,6.418476861114186e-16,1.0894063429134349e-15,2.42861286636753e-15,-2.8345381597461028e-15,3.885780586188048e-16,-5.412337245047638e-16,-1.1362438767648086e-15,-5.689893001203927e-16,-1.3209919269563386e-15,8.881784197001252e-16,7.320533068622126e-16,1.5092094240998222e-16,1.1934897514720433e-15,2.7755575615628914e-16,-1.5126788710517758e-15,-2.1510571102112408e-16,1.4641066137244252e-15
12,0.0,-8.058605319108112,-12.455282318492511,-0.9874108742770984,6.869504964868156e-16,3.590877595271991e-15,-2.3869795029440866e-15,4.440892098500626e-16,-2.42861286636753e-16,-1.9897278269453977e-15,1.7416623698807143e-15,1.4710455076283324e-15,-3.7470027081099033e-16,-2.8536201179818477e-16,1.3322676295501878e-15,5.342948306008566e-16,7.042977312465837e-16,9.367506770274758e-17,1.0408340855860843e-15,-3.885780586188048e-16,4.978656376053436e-16
13,0.0,27.567817197183373,-1.188936875504766,7.144971924335398,6.904199434387692e-16,5.495603971894525e-15,-3.5110803153770576e-15,5.648259637780484e-15,-2.858824288409778e-15,1.0824674490095276e-15,-6.661338147750939e-16,-2.220446049250313e-16,-3.2335245592207684e-15,-2.55351295663786e-15,9.71445146547012e-16,1.1379786002407855e-15,0.0,1.3877787807814457e-15,-1.7208456881689926e-15,5.5979526569771565e-15,1.8943180357666733e-15
13,1.0,-1.560996409152655,-0.6238368685446207,-1.3446843409166847,-3.8163916471489756e-16,-2.7430314963883262e-15,-6.938893903907228e-16,8.326672684688674e-16,1.2628786905111156e-15,8.72565908416334e-16,-1.3704315460216776e-15,-7.37257477290143e-16,-9.159339953157541e-16,1.7243151351209463e-15,-1.949829186997931e-15,5.134781488891349e-16,8.118505867571457e-16,5.273559366969494e-16,5.412337245047638e-16,1.6375789613221059e-15,2.5673907444456745e-16
14,0.0,42.14909781077641,20.335329349037707,9.868065629938194,1.4988010832439613e-15,5.224987109642143e-15,1.7243151351209463e-15,3.318526009543632e-15,-2.2690183065776637e-15,-5.424480309379476e-15,3.649858193455202e-15,-1.448494102440634e-15,-2.2343238370581275e-15,2.3175905639050143e-15,2.3037127760972e-15,2.1371793224034263e-15,7.639722188201858e-15,-6.245004513516506e-17,-5.30825383648903e-15,-5.689893001203927e-15,4.734927727678695e-15
14,1.0,12.517425245800096,16.124249306345487,-0.24735112883019109,8.049116928532385e-16,1.8943180357666733e-15,4.163336342344337e-16,-4.2847669856627135e-16,-7.632783294297951e-17,-1.1102230246251565e-15,-4.440892098500626e-16,-1.6514567491299204e-15,-1.033895191682177e-15,-9.71445146547012e-17,2.1510571102112408e-16,3.905296225292787e-16,8.604228440844963e-16,3.7470027081099033e-16,-9.71445146547012e-16,-3.3306690738754696e-16,1.7763568394002505e-15
15,0.0,5.19811688325433,-18.864094290086587,-5.785754306096275,1.672273430841642e-15,7.882583474838611e-15,-1.837939522797427e-15,2.4962670819306254e-15,-3.58046925441613e-15,-2.831068712794149e-15,-1.27675647831893e-15,2.123301534595612e-15,8.881784197001252e-16,-6.245004513516506e-16,2.3592239273284576e-15,1.124100812432971e-15,1.3877787807814457e-16,2.498001805406602e-16,-7.216449660063518e-16,-2.6645352591003757e-15,1.5699247457590104e-15
15,1.0,18.07710811594823,24.692075315236863,1.0600520150007031,-1.3877787807814457e-16,-3.12944115066216e-15,8.326672684688674e-17,-2.4702462297909733e-15,1.4988010832439613e-15,7.771561172376096e-16,-1.5057399771478686e-15,-1.8457457784393227e-15,-7.632783294297951e-17,1.1726730697603216e-15,-1.1449174941446927e-16,3.920475055707584e-16,-1.2565903179106996e-16,-3.3306690738754696e-16,-1.1102230246251565e-15,5.273559366969494e-16,1.9081958235744878e-16
17,1.0,-12.679127881666638,1.3134382469033308,0.2776670970645181,-8.673617379884035e-18,1.3877787807814457e-16,7.7021722333370235e-16,-1.2004286453759505e-15,2.914335439641036e-16,2.9976021664879227e-15,-4.163336342344337e-16,6.661338147750939e-16,4.753142324176451e-16,-6.245004513516506e-16,6.38378239159465e-16,-6.938893903907228e-17,-3.885780586188048e-16,4.996003610813204e-16,5.273559366969494e-16,-9.298117831235686e-16,-9.853229343548264e-16
17,0.0,-12.289664130252008,-8.854987022628265,-3.1507749006460135,1.0234868508263162e-15,3.5388358909926865e-15,-1.97758476261356e-15,-3.6461719060687514e-16,9.020562075079397e-16,1.3877787807814457e-16,8.743006318923108e-16,-4.163336342344337e-17,9.645062526431047e-16,1.3394775739972165e-15,6.938893903907228e-16,8.638922910364499e-16,1.3322676295501878e-15,-2.498001805406602e-16,4.163336342344337e-17,-7.632783294297951e-16,1.8457457784393227e-15
18,0.0,1.4993986411920188,12.770053141687828,-12.513116942901616,3.642919299551295e-16,-8.36136715420821e-16,-3.490263633665336e-15,2.060851489460447e-15,-1.942890293094024e-16,5.551115123125783e-16,-1.0889726620444407e-15,-3.885780586188048e-16,1.5686237031520278e-15,-1.5439038936193583e-16,-2.2239154962022667e-15,1.1275702593849246e-15,3.0531133177191805e-16,-5.412337245047638e-16,2.914335439641036e-16,-7.979727989493313e-16,9.124645483638005e-16
19,1.0,-4.492488251840374,10.900576005510265,0.46910889521679827,-1.0755285551056204e-16,-9.922618282587337e-16,1.0096090630185017e-15,4.85722573273506e-17,8.617238866914789e-16,3.5388358909926865e-16,-8.673617379884035e-17,-1.734723475976807e-16,4.614364446098307e-16,-1.1796119636642288e-16,-6.245004513516506e-17,-8.135853102331225e-16,9.43689570931383e-16,3.469446951953614e-17,5.342948306008566e-16,5.342948306008566e-16,-5.169475958410885e-16
19,0.0,6.6328478776634885,-12.596829101497049,0.43300723441519356,9.992007221626409e-16,2.299375967407258e-15,-3.0253577421035516e-15,1.5057399771478686e-15,-3.8441472227646045e-15,-2.6020852139652106e-15,1.096345236817342e-15,-3.0878077872387166e-16,2.411265631607762e-15,-2.3522850334245504e-15,-7.632783294297951e-17,-1.970645868709653e-15,-1.880440247958859e-15,1.960237527853792e-16,-1.0824674490095276e-15,-1.3877787807814457e-15,-4.0939474033052647e-16
21,0.0,-2.0212811561652995,-20.241511508770518,4.662570324989371,5.967448757360216e-16,4.614364446098307e-15,-2.7113727929517495e-15,2.2165429214293653e-15,-3.039235529911366e-15,-2.0261570199409107e-15,5.316927453868914e-16,1.096345236817342e-15,-1.0408340855860843e-16,6.765421556309548e-16,4.2674197509029455e-16,-1.6219664500383146e-16,2.0261570199409107e-15,1.249000902703301e-16,-8.049116928532385e-16,-7.147060721024445e-16,2.2620794126737565e-15
22,1.0,-6.920048039073335,5.583871872200099,-0.8067049526157917,-1.249000902703301e-16,6.522560269672795e-16,1.654926196081874e-15,-1.0772632785815972e-15,3.3029134982598407e-15,-2.498001805406602e-16,1.7032816129747275e-16,4.996003610813204e-16,-1.8214596497756474e-17,3.903127820947816e-17,-2.42861286636753e-16,-2.0903417885520525e-16,7.216449660063518e-16,4.718447854656915e-16,1.3877787807814457e-15,3.7470027081099033e-16,-1.3227266504323154e-17
22,0.0,38.77228298568942,20.104399981860666,-2.5327208627265545,9.853229343548264e-16,3.200564813177209e-15,-1.9637069748057456e-15,3.1051550219984847e-15,-1.734723475976807e-16,-2.2690183065776637e-15,1.5265566588595902e-15,-2.1076890233118206e-15,-1.061650767297806e-15,8.586881206085195e-16,-1.9914625504213745e-15,1.0512424264419451e-15,3.0010716134398763e-16,2.6055546609171643e-15,-3.0808688933348094e-15,-3.164135620181696e-15,3.0600522116230877e-15
23,0.0,-9.38704529755161,-3.7375628775407925,-4.254628464364452,2.0122792321330962e-16,2.2898349882893854e-16,2.220446049250313e-16,7.945033519973776e-16,2.3592239273284576e-16,2.0122792321330962e-16,-8.673617379884035e-18,1.5612511283791264e-15,-7.632783294297951e-16,-1.2212453270876722e-15,3.7470027081099033e-16,-1.942890293094024e-16,-1.8735013540549517e-16,4.3021142204224816e-16,1.0755285551056204e-16,-7.91033905045424e-16,2.3592239273284576e-16
24,0.0,13.35050846542612,-17.846499278551256,-1.8202631209142588,-6.245004513516506e-17,4.701100619897147e-16,9.818534874028728e-16,1.0755285551056204e-15,-2.914335439641036e-16,-4.274358644806853e-15,2.0348306373207947e-15,1.8127860323957634e-15,-8.604228440844963e-16,-1.5334955527634975e-15,-6.591949208711867e-16,-4.163336342344337e-17,-2.96637714392034e-16,1.0061396160665481e-15,-6.800116025829084e-16,-1.2628786905111156e-15,2.480654570646834e-15
25,1.0,3.5133242355046117,24.361165098354093,-0.873393517070122,3.0531133177191805e-16,2.940356291780688e-16,1.4710455076283324e-15,-4.85722573273506e-17,9.71445146547012e-17,-2.3626933742804113e-15,-4.996003610813204e-16,-9.506284648352903e-16,2.3314683517128287e-15,-7.181755190543981e-16,-4.961309141293668e-16,2.3592239273284576e-16,-1.4502288259166107e-15,2.7755575615628914e-17,-1.3877787807814457e-16,-2.498001805406602e-16,-2.3592239273284576e-16
26,0.0,64.97044058738595,-11.41705313198809,9.55725905724661,-3.0531133177191805e-16,8.118505867571457e-16,-7.292777493006497e-15,7.452372052796363e-15,3.7470027081099033e-16,-2.733924198139448e-15,-8.326672684688674e-17,-9.575673587391975e-16,-1.5265566588595902e-16,-5.828670879282072e-16,-2.0816681711721685e-17,1.3513495877859327e-15,-3.490263633665336e-15,1.915134717478395e-15,-4.718447854656915e-16,3.6637359812630166e-15,-2.1163626406917047e-16
27,1.0,-18.680205693427027,-9.851215768784234,-1.2295248159372438,-4.3021142204224816e-16,5.48172618408671e-16,-2.01574867908505e-15,1.932481952238163e-15,-4.163336342344337e-17,4.579669976578771e-16,9.853229343548264e-16,-5.689893001203927e-16,3.8163916471489756e-17,-7.7021722333370235e-16,-1.3877787807814457e-15,-3.885780586188048e-16,9.645062526431047e-16,-6.453171330633722e-16,-3.226585665316861e-16,1.096345236817342e-15,6.036837696399289e-16
28,1.0,-12.044361149398775,-8.289956994820555,1.1527228974873869,-5.551115123125783e-16,-1.5126788710517758e-15,-1.2975731600306517e-15,1.955927824218162e-15,1.249000902703301e-16,1.3600232051658168e-15,7.632783294297951e-17,-1.887379141862766e-15,5.551115123125783e-17,1.6688039838896884e-15,-2.0816681711721685e-16,-5.238864897449957e-16,8.604228440844963e-16,-2.7755575615628914e-17,1.2490009027033011e-15,1.1657341758564144e-15,6.422813669804128e-16
28,0.0,-0.9944675376213288,-8.591042365471553,-4.645319933991327,5.759281940243e-16,2.147587663259287e-15,-1.5959455978986625e-16,6.158268339717665e-16,-2.914335439641036e-15,4.163336342344337e-16,-8.023096076392733e-16,6.522560269672795e-16,-7.632783294297951e-16,-8.795048023202412e-16,3.230055112268815e-15,1.4224732503009818e-16,-1.0130785099704553e-15,3.885780586188048e-16,5.551115123125783e-17,-2.7755575615628914e-17,7.216449660063518e-16
29,0.0,-3.3991723884017873,-20.346723312545375,1.9591950024756186,5.447031714567174e-16,4.912736883966318e-15,-3.8163916471489756e-17,-9.43689570931383e-16,-6.938893903907228e-17,8.326672684688674e-17,3.0531133177191805e-16,2.7755575615628914e-15,2.899156609226239e-16,-8.326672684688674e-16,-1.3877787807814457e-16,1.1102230246251565e-16,-1.1102230246251565e-16,-8.326672684688674e-17,-5.551115123125783e-17,0.0,5.620504062164855e-16
30,0.0,15.785779231303433,-17.730683639803377,0.2369157143926365,6.505213034913027e-16,3.29250515740398e-15,-5.793976409762536e-16,1.994931997373328e-15,-2.789435349370706e-15,-5.35682609381638e-15,1.8648277366750676e-16,1.0824674490095276e-15,-1.2750217548429532e-16,-1.0061396160665481e-15,8.049116928532385e-16,-5.412337245047638e-16,-1.8457457784393227e-15,1.8735013540549517e-15,-4.0245584642661925e-16,-5.48172618408671e-16,2.501471252358556e-15
31,0.0,3.9251032763802147,-11.600185746176146,3.5708449194336582,-2.7755575615628914e-17,-1.0044048925905713e-15,-3.434752482434078e-16,1.6653345369377348e-16,2.3592239273284576e-16,-2.52510685971874e-15,2.3592239273284576e-16,-9.922618282587337e-16,1.4641066137244252e-15,1.942890293094024e-16,4.822531263215524e-16,2.42861286636753e-16,-1.1449174941446927e-15,-2.7755575615628914e-17,-5.828670879282072e-16,-1.0547118733938987e-15,7.008282842946301e-16
31,1.0,0.9035615584826671,28.400592042314344,2.2094236745184035,-4.683753385137379e-16,1.1587952819525071e-15,2.838874968436045e-15,1.096345236817342e-15,1.1726730697603216e-15,1.3600232051658168e-15,-1.0685896612017132e-15,5.273559366969494e-16,2.2343238370581275e-15,-1.5751289161869408e-15,-4.163336342344337e-17,5.412337245047638e-16,-1.27675647831893e-15,-2.463307335887066e-15,-3.3306690738754696e-16,-2.0816681711721685e-15,-2.9073965457371287e-15
32,1.0,1.1655364143257847,9.041232632746945,-0.0437332115088806,-3.9898639947466563e-17,-6.175615574477433e-16,1.5057399771478686e-15,3.2959746043559335e-16,-1.124100812432971e-15,-1.7763568394002505e-15,-4.163336342344337e-16,1.3183898417423734e-16,1.1726730697603216e-15,-5.342948306008566e-16,-3.608224830031759e-16,-5.134781488891349e-16,-1.5265566588595902e-16,-1.249000902703301e-16,8.604228440844963e-16,1.124100812432971e-15,-5.967448757360216e-16
32,0.0,-10.492304349586895,4.409790772587039,0.047755547976092994,-8.673617379884035e-16,-1.7416623698807143e-15,1.4432899320127035e-15,-4.909267437014364e-16,8.534839501805891e-16,2.921274333544943e-15,-4.163336342344337e-16,2.8449465006019636e-16,-5.412337245047638e-16,3.677613769070831e-16,-8.881784197001252e-16,-4.163336342344337e-16,-1.6653345369377348e-16,3.469446951953614e-18,-1.457167719820518e-16,-4.3021142204224816e-16,-1.3183898417423734e-16
33,0.0,26.07352020019894,-15.87009947503762,-2.3568968400926282,9.159339953157541e-16,3.1086244689504383e-15,-3.01126311386124e-15,5.7783638984787444e-15,-9.020562075079397e-16,-4.3576253716537394e-15,3.8380756905986857e-16,1.0547118733938987e-15,-1.5414102286226417e-15,-2.306314861311165e-15,-2.7755575615628914e-16,-5.919743861770854e-16,-1.609823385706477e-15,3.0808688933348094e-15,-1.0824674490095276e-15,-8.500145032286355e-17,2.5847379792054426e-15
34,1.0,-12.376916915080606,-6.457842165809492,-0.39697978168157,-2.7755575615628914e-17,-2.0816681711721685e-16,-1.734723475976807e-17,-2.9349352809182605e-16,2.0816681711721685e-16,1.0269562977782698e-15,2.8449465006019636e-16,5.412337245047638e-16,-4.440892098500626e-16,2.0816681711721685e-17,-5.169475958410885e-16,2.0990154059319366e-16,1.304512053934559e-15,-3.3306690738754696e-16,1.3600232051658168e-15,1.0269562977782698e-15,-2.740863092043355e-16
35,1.0,-10.813422707561134,2.2328647999089735,1.9818464272764078,-4.961309141293668e-16,5.551115123125783e-17,1.2871648191747909e-15,-1.1535911115245767e-16,2.498001805406602e-16,1.85268467234323e-15,3.608224830031759e-16,2.8449465006019636e-16,1.4007892068512717e-16,-1.1553258350005535e-15,-5.48172618408671e-16,-7.042977312465837e-16,-4.163336342344337e-16,4.440892098500626e-16,7.840950111415168e-16,-2.220446049250313e-16,-8.743006318923108e-16
35,0.0,1.3233569149914448,-10.851696002769343,0.4979268243345434,-1.3877787807814457e-16,1.2836953722228372e-15,-1.4224732503009818e-16,1.2177758801357186e-15,4.0245584642661925e-16,-1.7763568394002505e-15,-9.367506770274758e-17,6.800116025829084e-16,-4.666406150377611e-16,-4.5102810375396984e-17,9.71445146547012e-16,2.2811613709095013e-16,-6.106226635438361e-16,3.3306690738754696e-16,5.134781488891349e-16,-5.95443833129039e-16,6.175615574477433e-16
36,1.0,-9.99525777210552,0.8500235896777295,3.6476351521104204,-9.575673587391975e-16,-2.6922908347160046e-15,1.547373340571312e-15,-1.0195837230053684e-15,-2.7755575615628914e-17,2.345346139520643e-15,-7.142723912334503e-16,-1.249000902703301e-16,1.033895191682177e-15,1.106753577673203e-15,-5.551115123125783e-17,1.8735013540549517e-16,1.3183898417423734e-15,-9.43689570931383e-16,1.1102230246251565e-15,7.008282842946301e-16,-6.002143226879753e-16
36,0.0,17.363275933108795,-8.787468534058771,-4.592009668237636,-4.614364446098307e-16,4.718447854656915e-16,-1.5265566588595902e-16,4.062288699868688e-15,-4.163336342344337e-16,-2.095545958979983e-15,2.896988204881268e-16,2.5673907444456745e-15,-6.730727086790012e-16,-3.1155633628543455e-15,-1.5386997231914279e-15,-5.672545766444159e-16,-1.7763568394002505e-15,1.4432899320127035e-15,-3.3306690738754696e-16,-6.487865800153259e-16,1.1379786002407855e-15
37,0.0,24.087969788614288,-26.344194859298504,-1.2651104317571429,7.7021722333370235e-16,4.191091917959966e-15,-1.8561541192951836e-15,2.5777990853015353e-15,-1.1015494072452725e-15,-6.522560269672795e-15,1.9532986339498848e-15,1.627170620466245e-15,-1.1102230246251565e-15,-1.0928757898653885e-15,6.800116025829084e-16,2.8449465006019636e-16,-2.42861286636753e-15,2.3314683517128287e-15,-3.469446951953614e-16,-5.828670879282072e-16,1.5404344466674047e-15
37,1.0,-12.578771452030967,10.104147205694346,4.352156323743831,-5.854691731421724e-17,9.298117831235686e-16,1.4849232954361469e-15,-1.457167719820518e-16,2.914335439641036e-16,4.343747583845925e-15,-1.2455314557513475e-15,-4.718447854656915e-16,7.28583859910259e-16,-2.498001805406602e-16,2.220446049250313e-16,-2.636779683484747e-16,-8.881784197001252e-16,1.0824674490095276e-15,1.4155343563970746e-15,5.551115123125783e-17,-8.743006318923108e-16
38,0.0,29.83539357930769,-15.532180223345668,-0.9510497971033769,8.396061623727746e-16,3.1363800445660672e-15,-1.6653345369377348e-16,5.2388648974499574e-15,-3.2612801348363973e-16,-5.754077769815069e-15,1.1310397063368782e-15,1.3079815008865125e-15,1.9081958235744878e-16,-1.3461454173580023e-15,-1.3877787807814457e-16,-1.0547118733938987e-15,-3.011479954295737e-15,1.85268467234323e-15,-1.6167622796103842e-15,2.7755575615628914e-17,2.4841240175987878e-15
39,0.0,-2.6894821423347945,-13.790424337362024,1.102050045163003,-8.621575675604731e-16,-4.198030811863873e-16,2.8102520310824275e-15,-1.3010426069826053e-15,-2.42861286636753e-15,-2.1996293675385914e-15,-2.419939248987646e-16,-1.3877787807814457e-15,8.465450562766819e-16,-3.3306690738754696e-16,-5.412337245047638e-16,-5.898059818321144e-16,-9.71445146547012e-16,-1.0547118733938987e-15,3.7470027081099033e-16,2.220446049250313e-16,-6.38378239159465e-16
39,1.0,-8.880551221396756,4.88467343590033,1.6211455261320944,-3.3306690738754696e-16,-1.790234627208065e-15,4.0072112295064244e-16,-9.315465065995454e-16,1.0408340855860843e-15,1.4710455076283324e-15,3.7383290907300193e-16,-1.1934897514720433e-15,5.065392549852277e-16,2.740863092043355e-16,-2.220446049250313e-16,-6.366435156834882e-16,3.608224830031759e-16,2.3592239273284576e-16,6.38378239159465e-16,-1.3427843906232972e-16,-4.553649124439119e-16
40,0.0,7.357353203082241,-15.038301473938585,-5.807154247022389,-2.42861286636753e-16,2.0747292772682613e-15,-1.1362438767648086e-16,8.968520370800093e-16,-1.8041124150158794e-15,-2.4702462297909733e-15,9.43689570931383e-16,1.3322676295501878e-15,-6.38378239159465e-16,-1.3773704399255848e-15,1.6167622796103842e-15,2.949029909160572e-16,-3.400058012914542e-16,-7.077671781985373e-16,-7.494005416219807e-16,-7.147060721024445e-16,5.585809592645319e-16
40,1.0,-4.473238810023723,5.0187940603001575,3.445962382414713,3.191891195797325e-16,1.249000902703301e-16,7.91033905045424e-16,-1.887379141862766e-15,-4.85722573273506e-16,-4.163336342344337e-16,1.582067810090848e-15,-8.396061623727746e-16,6.661338147750939e-16,-1.43982048506075e-16,-6.245004513516506e-16,-1.3322676295501878e-15,-1.214306433183765e-16,-3.191891195797325e-16,-2.7755575615628914e-16,3.3306690738754696e-16,-5.551115123125783e-16
42,0.0,-6.2976572571701475,0.031002139493060632,5.573443877255739,-1.942890293094024e-16,-7.91033905045424e-16,1.394717674685353e-15,-3.469446951953614e-15,-2.0816681711721685e-16,4.440892098500626e-16,-9.71445146547012e-17,-8.049116928532385e-16,-5.551115123125783e-16,2.2620794126737565e-15,1.3114509478384662e-15,-1.4328815911568427e-15,-2.0816681711721685e-16,1.249000902703301e-16,3.0531133177191805e-16,7.216449660063518e-16,-9.992007221626409e-16
42,1.0,-5.074608954058073,7.164108531674248,2.8239672005027496,4.163336342344337e-17,2.5326962749261384e-16,4.510281037539698e-16,-5.117434254131581e-16,-1.9081958235744878e-16,1.7618285302889447e-16,5.273559366969494e-16,-1.021101606046848e-15,1.1796119636642288e-15,-9.020562075079397e-17,-4.85722573273506e-16,-9.645062526431047e-16,1.3877787807814457e-16,-5.403663627667754e-16,-4.579669976578771e-16,1.6653345369377348e-16,3.183217578417441e-16
43,1.0,-18.677265745894125,17.981707542649684,3.369644329500297,-7.28583859910259e-16,-1.9290125052862095e-15,2.6558616417204917e-15,1.960237527853792e-16,3.649858193455202e-15,4.052314039881821e-15,3.903127820947816e-16,-1.9567680809018384e-15,5.360295540768334e-16,2.2278186240232145e-15,-2.851885394505871e-15,-3.1051550219984847e-16,3.608224830031759e-16,1.3877787807814457e-16,-3.608224830031759e-16,2.2065682614424986e-15,-8.560860353945543e-16
43,0.0,-5.861972935938791,-16.637853520610708,6.116089385705972,1.1102230246251565e-16,1.2073675392798577e-15,-9.332812300755222e-16,-3.434752482434078e-16,1.5959455978986625e-16,-9.853229343548264e-16,6.522560269672795e-16,-1.1102230246251565e-15,4.85722573273506e-16,-6.74807432154978e-16,-1.3739009929736312e-15,-5.637851296924623e-17,9.992007221626409e-16,-2.220446049250313e-16,1.0824674490095276e-15,8.344019919448442e-16,9.797663982208382e-16
44,1.0,-15.570357010648454,-6.034961255859477,-3.1145849866634583,-3.400058012914542e-16,-9.957312752106873e-16,6.678685382510707e-16,-7.4593109467002705e-16,4.3021142204224816e-16,3.469446951953614e-16,-4.2674197509029455e-16,-5.134781488891349e-16,5.412337245047638e-16,-2.393918396847994e-16,-7.7021722333370235e-16,1.97758476261356e-16,2.0122792321330962e-15,-5.48172618408671e-16,1.124100812432971e-15,1.321859288694327e-15,3.400058012914542e-16
45,1.0,-12.85136485946597,13.371016365950656,0.2613358983060755,4.440892098500626e-16,2.3175905639050143e-15,0.0,-1.8041124150158794e-15,1.3877787807814457e-17,6.25888230132432e-15,-2.914335439641036e-16,7.216449660063518e-16,-2.255140518769849e-16,1.1102230246251565e-16,3.0531133177191805e-16,-6.938893903907228e-16,-1.1657341758564144e-15,4.440892098500626e-16,1.1102230246251565e-16,-1.0130785099704553e-15,-1.5543122344752192e-15
45,0.0,52.81283120868066,-19.985448932288158,5.412342999536184,-2.914335439641036e-16,1.9637069748057456e-15,-4.551914400963142e-15,9.799452915792983e-15,-8.049116928532385e-16,-2.7200464103316335e-15,3.7643499428696714e-16,1.762479051592436e-15,-8.743006318923108e-16,-2.8987229283572447e-15,-1.0061396160665481e-15,-4.603522424373452e-16,-3.635980405647388e-15,3.969047313034935e-15,-1.8596235662471372e-15,2.14064876935538e-15,1.3808398868775384e-15
46,0.0,-5.8452643853120465,-13.195662800614468,-0.5099035648235334,1.9949319973733282e-16,4.787836793695988e-16,-9.194034422677078e-16,-3.8510861166685117e-16,1.061650767297806e-15,-1.942890293094024e-15,4.163336342344337e-17,-1.3739009929736312e-15,7.806255641895632e-17,2.1510571102112408e-16,-4.579669976578771e-16,-1.7694179454963432e-16,6.522560269672795e-16,-9.71445146547012e-16,-9.71445146547012e-17,-3.191891195797325e-16,-6.938893903907228e-17
46,1.0,-14.744045143883492,-1.3274422276653124,0.5548478647869766,-3.2526065174565133e-16,-5.620504062164855e-16,5.065392549852277e-16,-5.950101522600448e-16,-6.938893903907228e-16,2.7408630920433552e-15,6.938893903907228e-17,-5.065392549852277e-16,4.2674197509029455e-16,-2.7755575615628914e-17,3.7816971776294395e-16,5.204170427930421e-16,2.498001805406602e-16,5.551115123125783e-17,1.2732870313669764e-15,2.7755575615628914e-17,-2.255140518769849e-16
47,1.0,-14.385339266567513,6.039110676133834,1.5979797518947878,3.95516952522712e-16,5.273559366969494e-16,-1.2975731600306517e-15,-9.71445146547012e-16,-1.887379141862766e-15,3.191891195797325e-15,1.304512053934559e-15,2.7755575615628914e-16,2.2898349882893854e-16,1.3600232051658168e-15,-1.609823385706477e-15,-5.273559366969494e-16,7.216449660063518e-16,-1.6653345369377348e-16,3.83026943495679e-15,-2.1510571102112408e-15,5.221517662690189e-16
48,1.0,-10.941318900021585,-8.74863652418431,1.7630293437228675,1.0685896612017132e-15,-2.040034807748725e-15,7.528699885739343e-16,0.0,-9.71445146547012e-17,-1.3877787807814457e-17,6.38378239159465e-16,8.066464163292153e-17,-9.992007221626409e-16,-4.0332320816460765e-17,-1.6653345369377348e-15,-6.245004513516506e-16,2.636779683484747e-16,9.020562075079397e-17,7.962380754733545e-16,1.2212453270876722e-15,5.707240235963695e-16
48,0.0,19.60872132421129,-8.220424200669882,-6.701750995159962,6.83481049534862e-16,3.3514857555871913e-15,-1.2663481374630692e-15,1.6583956430338276e-15,-5.551115123125783e-16,-3.3306690738754696e-15,-5.100087019371813e-16,-7.45931094670027e-17,-1.3877787807814457e-15,-1.1256186954744507e-15,6.245004513516506e-16,1.1310397063368782e-15,-2.6020852139652106e-15,1.412064909445121e-15,-3.7470027081099033e-16,-4.718447854656915e-16,-6.114900252818245e-17
49,1.0,-16.910738715517844,-4.996571986639237,1.4650031025076407,1.1796119636642288e-16,1.1102230246251565e-15,1.0130785099704553e-15,-3.3306690738754696e-15,-7.771561172376096e-16,1.915134717478395e-15,8.187894806610529e-16,1.5543122344752192e-15,4.440892098500626e-16,1.0269562977782698e-15,-5.828670879282072e-16,8.049116928532385e-16,1.4432899320127035e-15,-4.996003610813204e-16,2.3869795029440866e-15,-8.439429710627167e-16,2.983724378680108e-16
49,0.0,9.983515556029968,26.684518191388186,-1.4648477505802333,-1.4779844015322396e-15,1.5265566588595902e-16,2.0122792321330962e-16,4.2461693883222296e-15,4.3021142204224816e-16,2.636779683484747e-16,-6.661338147750939e-16,5.689893001203927e-16,1.457167719820518e-15,-4.393187202911264e-15,-2.858824288409778e-15,-5.4860629927766524e-17,-1.3183898417423734e-15,6.106226635438361e-16,-1.5959455978986625e-15,-1.1102230246251565e-15,-1.9012569296705806e-15
51,1.0,-9.77655115848003,0.6846072129129537,3.546217517650655,2.7755575615628914e-17,-4.440892098500626e-16,2.7755575615628914e-16,-1.970645868709653e-15,-8.534839501805891e-16,1.3877787807814457e-17,3.885780586188048e-16,-8.743006318923108e-16,6.938893903907228e-16,1.700029006457271e-15,-1.0408340855860843e-15,-1.304512053934559e-15,6.118152859335702e-16,-4.3021142204224816e-16,1.734723475976807e-17,4.926614671774132e-16,-2.0816681711721685e-16
51,0.0,0.5414918097337067,-14.526775968102797,6.803722102213131,-1.1882855810441129e-16,1.3877787807814457e-15,-2.636779683484747e-16,8.482797797526587e-16,5.943054208479293e-16,-4.385380947269368e-15,9.71445146547012e-16,2.3245294578089215e-16,1.5890067039947553e-15,5.863365348801608e-16,2.636779683484747e-16,6.418476861114186e-17,6.938893903907228e-17,-1.5265566588595902e-16,2.7755575615628914e-16,-1.033895191682177e-15,1.366962099069724e-15
52,1.0,-11.188424733062947,9.502110793336595,3.9639195955036777,-4.614364446098307e-16,-2.2898349882893854e-15,1.797173521111972e-15,9.063930161978817e-17,2.55351295663786e-15,2.5118795932144167e-15,3.3133218391157016e-16,-5.689893001203927e-16,-2.0816681711721685e-16,4.0939474033052647e-16,-1.627170620466245e-15,-3.5258254649228604e-16,5.273559366969494e-16,-1.3877787807814457e-17,1.339206523454095e-15,-4.2565777291780904e-16,-5.134781488891349e-16
52,0.0,-0.4791199008245486,-16.89147853476024,6.27496757975297,1.5751289161869408e-15,4.3576253716537394e-15,-1.394717674685353e-15,1.9914625504213745e-15,-6.245004513516506e-16,1.0824674490095276e-15,-6.938893903907228e-17,4.385380947269368e-15,3.174543961037557e-16,1.6653345369377348e-16,-5.828670879282072e-16,6.106226635438361e-16,-1.942890293094024e-16,1.582067810090848e-15,2.7755575615628914e-17,-2.4841240175987878e-15,1.3704315460216776e-15
53,0.0,7.518531043951261,-15.568637986050824,-2.4888751108454237,-8.44810332800705e-15,5.450501161519128e-15,-2.0747292772682613e-15,-4.718447854656915e-16,-4.052314039881821e-15,-5.245803791353865e-15,-8.881784197001252e-16,9.71445146547012e-17,-1.797173521111972e-15,-2.2620794126737565e-15,1.304512053934559e-15,-1.708702623837155e-16,-1.0130785099704553e-15,5.828670879282072e-16,-1.3357370765021415e-15,-1.942890293094024e-15,-4.163336342344337e-17
53,1.0,15.674858990925745,0.08686683499913765,-0.8830032691581425,-8.030381914991835e-14,1.91999194321113e-14,-2.67841304690819e-15,-6.245004513516506e-16,-1.1796119636642288e-15,4.385380947269368e-15,-9.259953914764196e-15,2.9004576518332215e-15,3.073929999430902e-15,5.204170427930421e-16,6.675215935558754e-15,-8.959846753420209e-15,4.107825191113079e-15,-1.734723475976807e-14,-9.894862706971708e-15,1.2836953722228372e-15,-4.454769886308441e-15
54,0.0,-3.3994498857433477,-1.638889279750155,1.3262057252983657,-2.6020852139652106e-16,-4.510281037539698e-16,3.226585665316861e-16,-1.0096090630185017e-15,-4.85722573273506e-16,-2.0816681711721685e-16,4.527628272299467e-16,-2.498001805406602e-16,-7.7021722333370235e-16,-1.7997756063259374e-17,-2.3592239273284576e-16,3.920475055707584e-16,8.326672684688674e-17,1.4849232954361469e-15,6.245004513516506e-16,-1.1796119636642288e-16,-9.020562075079397e-17
54,1.0,-9.492545811924455,0.04863408711700934,0.7375632832149465,1.1796119636642288e-15,5.48172618408671e-16,1.1544584732625651e-15,6.938893903907228e-16,4.996003610813204e-16,1.8041124150158794e-15,-2.282896094385478e-15,7.632783294297951e-16,2.688821387764051e-16,-6.94323071259717e-16,-5.828670879282072e-16,-2.2100377083944522e-15,6.38378239159465e-16,-1.609823385706477e-15,8.049116928532385e-16,6.765421556309548e-16,-2.498001805406602e-16
55,0.0,-6.5116065861380745,-13.191058714205047,-1.0655294247931457,-1.0564465968698755e-15,1.2073675392798577e-15,-2.671474153004283e-16,-5.030698080332741e-16,-2.0816681711721685e-16,1.4988010832439613e-15,1.250735626179278e-15,2.2343238370581275e-15,-5.734345290275833e-16,-7.632783294297951e-17,3.95516952522712e-16,9.575673587391975e-16,-6.800116025829084e-16,2.067790383364354e-15,1.7069679003611782e-15,3.3306690738754696e-16,4.2327252813834093e-16
56,0.0,0.4918186595035684,0.3049076012266333,-5.436790525526028,2.3245294578089215e-15,2.9715813143482706e-15,-2.983724378680108e-16,1.0668549377257364e-15,-5.689893001203927e-16,-1.4988010832439613e-15,1.457167719820518e-16,1.5404344466674047e-15,-1.1657341758564144e-15,-7.7021722333370235e-16,7.667477763817487e-16,-1.5612511283791264e-16,-2.498001805406602e-16,-3.7470027081099033e-16,-8.187894806610529e-16,-1.27675647831893e-15,2.2898349882893854e-16
57,1.0,-3.5864484538232144,6.687300150192008,1.1593108931665612,1.6627324517237696e-15,-8.959846753420209e-16,1.6583956430338276e-15,-2.0122792321330962e-16,2.706168622523819e-16,4.163336342344337e-16,-1.8318679906315083e-15,-6.800116025829084e-16,8.032853895945102e-16,-2.3245294578089215e-16,-2.636779683484747e-16,-4.3021142204224816e-16,9.43689570931383e-16,3.7470027081099033e-16,4.996003610813204e-16,-1.8041124150158794e-16,-1.2004286453759505e-15
58,0.0,-15.627892989848231,-0.20710290718358837,-4.566131726537052,3.4122010772463796e-15,3.1086244689504383e-15,-1.3739009929736312e-15,-8.81239525796218e-16,-8.743006318923108e-16,3.1086244689504383e-15,4.551914400963142e-15,-2.581268532253489e-15,2.5153490401663703e-15,1.0130785099704553e-15,-3.885780586188048e-16,8.604228440844963e-16,7.216449660063518e-16,1.304512053934559e-15,1.6375789613221059e-15,-1.887379141862766e-15,-2.914335439641036e-16
59,1.0,3.996167916164095,17.830552447771655,-0.15693047930885268,3.468406117868028e-14,-5.523359547510154e-15,2.796374243274613e-15,5.048045315092509e-16,1.3183898417423734e-16,-1.0547118733938987e-15,-1.6922227508153753e-15,-6.38378239159465e-16,4.839878497975292e-15,3.878841692284141e-15,-5.828670879282072e-16,6.390721285498557e-15,-1.1796119636642288e-15,1.7208456881689926e-15,-7.494005416219807e-16,-8.239936510889834e-16,-2.275957200481571e-15
60,0.0,-3.1506412431200763,-4.136049388344492,-1.1238706492625266,1.366962099069724e-15,-6.938893903907228e-17,-3.25434124093249e-15,4.2674197509029455e-16,1.0755285551056204e-15,-5.84601811404184e-16,-7.771561172376096e-16,1.7555401576885288e-15,-1.6792123247455493e-15,2.1788126858268697e-15,7.355227538141662e-16,1.5890067039947553e-15,-4.0245584642661925e-16,2.3037127760972e-15,-1.3600232051658168e-15,2.4980018054066022e-15,-9.298117831235686e-16
60,1.0,-0.21804938816858532,9.087650474896527,-2.1067971907660117,1.050201592356359e-14,-1.56472057533108e-15,9.020562075079397e-17,3.734859643778066e-15,2.192690473634684e-15,2.914335439641036e-16,-4.0245584642661925e-16,1.942890293094024e-15,-8.396061623727746e-16,-1.1171619185290638e-15,-1.214306433183765e-16,2.0261570199409107e-15,-1.2490009027033011e-15,8.743006318923108e-16,-1.6653345369377348e-16,-6.904199434387692e-16,-1.6583956430338276e-15
61,1.0,-12.943286412548721,-6.039964865459525,2.4209664411892877,-9.35015953551499e-16,-2.6922908347160046e-15,4.640385298237959e-16,-4.260047176130044e-15,-3.0878077872387166e-16,1.3877787807814457e-17,-1.2160411566597418e-15,-1.2420620087993939e-15,1.2385925618474403e-15,1.9359513991901167e-15,-2.0816681711721685e-16,-5.100087019371813e-16,1.887379141862766e-15,-1.2490009027033011e-15,1.0269562977782698e-15,9.922618282587337e-16,-2.431214951581495e-15
62,0.0,-1.7506158395711497,4.244169032762025,2.957835837559097,1.7832957333041577e-15,-2.8206603719382883e-15,3.774758283725532e-15,5.759281940243e-16,8.743006318923108e-16,-1.5404344466674047e-15,1.6080886622305002e-15,4.579669976578771e-16,0.0,-4.3021142204224816e-16,-7.91033905045424e-16,6.522560269672795e-16,2.42861286636753e-16,1.790234627208065e-15,1.0547118733938987e-15,-6.106226635438361e-16,6.288372600415926e-17
63,0.0,0.49243028081340245,-15.807305368406066,-5.636520659774791,3.767819389821625e-15,4.579669976578771e-15,-1.5855372570428017e-15,8.673617379884035e-16,-5.828670879282072e-16,-2.123301534595612e-15,2.1510571102112408e-16,3.2890357104520263e-15,-4.510281037539698e-16,-8.257283745649602e-16,7.008282842946301e-16,6.245004513516506e-16,-1.8318679906315083e-15,2.0816681711721685e-16,-4.254951425919362e-16,-1.2351231148954867e-15,2.0192181260370035e-15
64,0.0,10.306393741948089,50.730299442391434,-3.2654526455377755,-3.7470027081099033e-16,-6.4254157550180935e-15,1.1171619185290638e-15,2.040034807748725e-15,3.594347042223944e-15,8.213915658750182e-15,-5.530298441414061e-15,-3.344546861683284e-15,-8.326672684688674e-16,-2.42861286636753e-16,-1.8283985436795547e-15,-2.3852447794681098e-15,-2.1510571102112408e-16,-1.1379786002407855e-15,-8.534839501805891e-16,1.915134717478395e-15,-4.5189546549195825e-15
66,0.0,-4.835382084201176,-10.17311709743654,-2.7902314409664486,1.6514567491299204e-15,7.840950111415168e-16,-4.787836793695988e-16,9.645062526431047e-16,-1.0894063429134349e-15,2.7755575615628914e-17,1.4155343563970746e-15,1.4849232954361469e-15,-4.0939474033052647e-16,-5.967448757360216e-16,-7.494005416219807e-16,1.5959455978986625e-16,-6.245004513516506e-17,8.326672684688674e-16,7.771561172376096e-16,1.1102230246251565e-16,1.096345236817342e-15
68,0.0,22.39610709820968,20.787841023947927,-0.016614237079288996,1.4988010832439613e-15,4.85722573273506e-17,3.6637359812630166e-15,-1.9220736113823023e-15,-8.049116928532385e-16,-5.315192730392937e-15,-6.938893903907228e-16,-1.734723475976807e-15,1.6167622796103842e-15,-1.3183898417423734e-15,7.91033905045424e-16,2.636779683484747e-16,-1.672273430841642e-15,8.326672684688674e-17,1.2212453270876722e-15,-1.1102230246251565e-16,-2.671474153004283e-15
69,0.0,-0.879317274220121,-9.261072022866157,-2.3263312175617226,1.0174153186603974e-15,4.822531263215524e-16,4.510281037539698e-16,-8.309325449928906e-16,-2.239528007486058e-15,-2.0816681711721685e-15,6.83481049534862e-16,6.106226635438361e-16,1.6306400674181987e-16,-1.1206313654810174e-15,6.38378239159465e-16,5.303917027799088e-16,5.551115123125783e-17,-1.457167719820518e-16,-1.6028844918025698e-15,-7.632783294297951e-16,-1.5439038936193583e-16
71,0.0,-2.76517290386023,-13.622287446680545,1.9360993070250618,7.840950111415168e-16,8.465450562766819e-16,1.9810542095655137e-15,-4.510281037539698e-16,-2.0886070650760757e-15,-2.0409021694867135e-15,3.1138286393783687e-15,-8.604228440844963e-16,6.245004513516506e-16,5.516420653606247e-16,1.4849232954361469e-15,1.186550857568136e-15,-1.0200174038743626e-15,2.4841240175987878e-15,1.1102230246251565e-16,-3.469446951953614e-16,1.5404344466674047e-15
74,0.0,-11.525470224880525,-15.930134250281677,1.2705123849243845,-1.0928757898653885e-15,1.8596235662471372e-15,-2.3800406090401793e-15,-6.765421556309548e-16,-2.0122792321330962e-15,2.220446049250313e-16,6.800116025829084e-16,3.608224830031759e-16,7.129713486264677e-16,-1.942890293094024e-16,1.2490009027033011e-15,1.6930901125533637e-15,5.551115123125783e-16,5.551115123125783e-17,1.5543122344752192e-15,1.1102230246251565e-16,1.0408340855860843e-15
75,0.0,-3.2544754373856026,-5.836094526563573,-0.20095944899833112,1.5959455978986625e-16,1.3530843112619095e-15,5.689893001203927e-16,7.945033519973776e-16,1.1102230246251565e-16,-1.0130785099704553e-15,9.992007221626409e-16,8.326672684688674e-16,-5.204170427930421e-16,-5.134781488891349e-16,-4.683753385137379e-16,-1.8908485888147197e-16,1.6653345369377348e-16,9.992007221626409e-16,4.440892098500626e-16,-3.5388358909926865e-16,4.787836793695988e-16
76,0.0,18.502438731393546,-15.095582545983069,-7.312255805769037,2.761679773755077e-15,1.5612511283791264e-15,-2.710505431213761e-15,3.608224830031759e-15,-1.753805434212552e-15,-2.7408630920433552e-15,-1.7008963681952594e-15,1.2975731600306517e-15,-9.71445146547012e-16,-1.1171619185290638e-15,1.8596235662471372e-15,3.191891195797325e-16,-3.1780134079895106e-15,-3.608224830031759e-16,-1.124100812432971e-15,1.1379786002407855e-15,7.147060721024445e-16
77,0.0,20.330456184839257,-10.89081249876573,-0.6596746690828209,2.3314683517128287e-15,2.617697725249002e-15,2.2429974544380116e-15,1.3877787807814457e-17,-1.9984014443252818e-15,-7.105427357601002e-15,2.2551405187698492e-15,-1.1449174941446927e-15,1.942890293094024e-15,-3.3306690738754696e-16,-1.1397133237167623e-15,9.055256544598933e-16,-2.4841240175987878e-15,9.71445146547012e-17,-5.273559366969494e-16,7.494005416219807e-16,2.6229018956769323e-15
79,0.0,41.683598703774,7.965691953481606,-5.39973054401068,8.104628079763643e-15,-1.1102230246251565e-16,6.938893903907228e-18,5.620504062164855e-15,2.4147350785597155e-15,-1.2490009027033011e-15,1.5178830414797062e-15,7.077671781985373e-16,-1.960237527853792e-16,-1.2004286453759505e-15,-2.5673907444456745e-15,-1.6705387073656652e-15,-1.0547118733938987e-15,4.85722573273506e-16,-1.1796119636642288e-15,6.730727086790012e-16,1.973464794358115e-15
80,0.0,12.240849766487429,16.652364028249757,1.4443142722532365,1.4988010832439613e-15,-8.81239525796218e-16,1.609823385706477e-15,-3.9343528435153985e-15,1.8596235662471372e-15,-2.2898349882893854e-15,3.3306690738754696e-16,1.3877787807814457e-16,1.6792123247455493e-15,-1.3006089261136111e-15,2.632442874794805e-16,1.4502288259166107e-15,-6.938893903907228e-17,-9.71445146547012e-16,-1.0269562977782698e-15,5.828670879282072e-16,-1.5334955527634975e-15
81,0.0,-6.775348816255807,-9.386956013790094,0.33429569011234184,1.8041124150158794e-15,5.134781488891349e-16,-5.967448757360216e-16,1.1796119636642288e-15,-4.85722573273506e-16,6.106226635438361e-16,-3.3306690738754696e-16,9.298117831235686e-16,6.106226635438361e-16,-9.506284648352903e-16,9.575673587391975e-16,1.6653345369377348e-16,9.43689570931383e-16,1.6653345369377348e-16,7.771561172376096e-16,2.636779683484747e-16,1.672273430841642e-15
82,0.0,25.87191382709016,6.597452412396449,-3.528358314780756,3.969047313034935e-15,-1.839674246273404e-15,2.6645352591003757e-15,-1.5265566588595902e-15,0.0,-3.0531133177191805e-15,-1.27675647831893e-15,4.996003610813204e-16,1.429412144204889e-15,-6.938893903907228e-16,2.0539125955565396e-15,-8.239936510889834e-18,-2.1094237467877974e-15,8.326672684688674e-16,-1.1102230246251565e-15,-1.2212453270876722e-15,-1.1483869410966463e-15
83,0.0,-12.175535764922863,-12.208812353959619,-8.69994372938873,1.5404344466674047e-15,4.121702978920894e-15,-3.1502578323738817e-15,1.7763568394002505e-15,-8.187894806610529e-16,5.273559366969494e-16,5.689893001203927e-16,-2.498001805406602e-16,2.3349377986647823e-15,9.71445146547012e-17,8.326672684688674e-16,1.5126788710517758e-15,3.0531133177191805e-15,5.551115123125783e-17,1.8041124150158794e-15,-2.5673907444456745e-15,-4.85722573273506e-17
84,0.0,15.010857973572403,13.658269039393122,-4.16702427562528,5.051514762044462e-15,-1.3322676295501878e-15,2.4424906541753444e-15,7.216449660063518e-16,-2.1371793224034263e-15,-1.7208456881689926e-15,-8.881784197001252e-16,1.8318679906315083e-15,8.881784197001252e-16,-1.457167719820518e-15,-1.1102230246251565e-16,-2.456368441983159e-15,-6.106226635438361e-16,-1.1796119636642288e-15,2.7755575615628914e-16,8.326672684688674e-17,2.220446049250313e-16
85,0.0,-10.365402542579528,1.50643783468907,1.4886845810142524,1.124100812432971e-15,-8.951173136040325e-16,-8.224757680475037e-16,8.951173136040325e-16,1.2004286453759505e-15,2.067790383364354e-15,2.5222879340702775e-15,-9.818534874028728e-16,-6.938893903907228e-16,1.1969591984239969e-15,-1.8041124150158794e-16,6.938893903907228e-16,2.498001805406602e-16,2.078198724220215e-15,6.661338147750939e-16,-4.3021142204224816e-16,0.0
86,0.0,2.8794935588024764,-4.29580768333252,1.0701273308718726,1.6583956430338276e-15,2.310651670001107e-15,7.91033905045424e-16,-4.371503159461554e-16,1.3461454173580023e-15,-1.5543122344752192e-15,-1.6653345369377348e-16,-2.0816681711721685e-16,-6.661338147750939e-16,2.7755575615628914e-16,1.6375789613221059e-15,-2.706168622523819e-16,-5.065392549852277e-16,-1.249000902703301e-16,1.3877787807814457e-15,-1.942890293094024e-15,-9.020562075079397e-16
87,0.0,17.923466756825906,-21.80322859546914,-1.692065503715158,1.4530043834781736e-14,5.523359547510154e-15,1.465841337200402e-15,2.149322386735264e-15,-1.8041124150158794e-15,-4.9960036108132044e-15,1.304512053934559e-15,2.095545958979983e-15,-2.0712598303163077e-15,-1.6792123247455493e-15,-1.8041124150158794e-16,-1.6375789613221059e-15,-3.011479954295737e-15,2.733924198139448e-15,-1.4710455076283324e-15,-3.400058012914542e-15,1.1518563880486e-15
88,0.0,-0.12052596017114503,0.06395276894649893,-2.3097947768878386,3.1363800445660672e-15,8.049116928532385e-16,-1.3964523981613297e-16,7.7021722333370235e-16,-1.1796119636642288e-15,-1.3877787807814457e-17,9.783840404509192e-16,1.942890293094024e-16,-6.106226635438361e-16,-1.6306400674181987e-16,2.112893193739751e-15,1.5725268309729756e-15,-1.3877787807814457e-15,2.1649348980190553e-15,-9.71445146547012e-16,-8.673617379884035e-17,-7.355227538141662e-16
90,0.0,-12.844065436098465,-16.40127495573509,-3.5833889307107074,5.5198901005582e-15,1.1934897514720433e-15,-1.7069679003611782e-15,2.914335439641036e-16,-2.0816681711721685e-16,9.159339953157541e-16,2.258609965721803e-15,1.5543122344752192e-15,4.440892098500626e-16,1.5265566588595902e-15,-5.273559366969494e-16,2.636779683484747e-16,-3.885780586188048e-16,5.551115123125783e-16,5.551115123125783e-17,-5.689893001203927e-16,6.800116025829084e-16
91,0.0,14.413994511328715,-10.458487690767697,-6.196615108811754,5.079270337660091e-15,2.706168622523819e-15,1.6653345369377348e-15,-1.6653345369377348e-16,-3.011479954295737e-15,-4.9404924595819466e-15,1.5265566588595902e-15,5.516420653606247e-16,6.106226635438361e-16,-6.938893903907228e-16,1.2212453270876722e-15,2.498001805406602e-16,-1.582067810090848e-15,-5.551115123125783e-17,-2.4147350785597155e-15,2.220446049250313e-16,2.4702462297909733e-15
96,0.0,-4.364073234568227,7.735203510170001,-3.156705786945556,5.759281940243e-16,1.124100812432971e-15,-9.870576578308032e-16,6.114900252818245e-16,6.106226635438361e-16,1.915134717478395e-15,1.1379786002407855e-15,1.6653345369377348e-16,-6.38378239159465e-16,-1.3704315460216776e-15,6.938893903907228e-16,1.1657341758564144e-15,-1.0408340855860843e-15,1.9012569296705806e-15,-6.938893903907228e-18,-1.304512053934559e-15,-4.718447854656915e-16
98,0.0,-14.208490532189334,6.151591798416778,-6.047365864149394,-6.349087922075114e-16,-1.5890067039947553e-15,-2.6020852139652106e-15,-2.92300905702092e-15,1.762479051592436e-15,1.8457457784393227e-15,6.210310043996969e-16,-2.2898349882893854e-15,-1.384309333829492e-15,2.7330568364014596e-15,-5.759281940243e-16,-2.949029909160572e-16,3.83026943495679e-15,-9.71445146547012e-16,1.5265566588595902e-15,1.124100812432971e-15,-1.6731950026882547e-15
99,0.0,11.420920392771613,-15.863226792467728,-4.681616930624841,-1.700029006457271e-16,5.551115123125783e-15,9.358833152894874e-16,2.2967738821932926e-15,-1.942890293094024e-15,8.326672684688674e-17,1.3877787807814457e-16,2.886579864025407e-15,-7.355227538141662e-16,-1.6982942829812941e-15,2.914335439641036e-16,4.544975507059235e-16,-4.0245584642661925e-16,2.0816681711721685e-16,-1.3877787807814457e-17,-4.440892098500626e-16,1.817990202823694e-15
100,0.0,-8.665614886563844,-9.155340639769348,2.420429351071212,1.4085954624931674e-15,-2.8796409701214998e-15,4.2847669856627135e-16,-8.743006318923108e-16,-1.124100812432971e-15,5.065392549852277e-16,1.0477729794899915e-15,1.2750217548429532e-16,-1.7069679003611782e-15,8.83407930141189e-16,-9.26342336171615e-16,-2.914335439641036e-16,8.326672684688674e-16,-1.214306433183765e-16,1.4224732503009818e-15,-2.7755575615628914e-17,6.665674956440881e-16
101,0.0,-10.08142595547093,-15.535425522985445,3.0389046372333923,1.3530843112619095e-16,1.8318679906315083e-15,-4.969982758673552e-16,-1.2628786905111156e-15,-1.7069679003611782e-15,1.5126788710517758e-15,7.91033905045424e-16,9.159339953157541e-16,-8.847089727481716e-16,-3.469446951953614e-16,2.498001805406602e-16,-3.469446951953614e-16,-9.43689570931383e-16,1.942890293094024e-16,1.734723475976807e-15,-2.498001805406602e-16,9.853229343548264e-16
102,0.0,14.655793475396326,-12.328882497061757,14.77910563420058,1.2809198146612744e-14,1.3704315460216776e-16,4.288236432614667e-15,2.751271432899216e-15,-3.552713678800501e-15,-7.042977312465837e-15,2.6298407895808396e-15,-6.938893903907228e-17,-2.6367796834847468e-15,-1.4467593789646571e-15,2.2065682614424986e-15,3.406996906818449e-15,-1.214306433183765e-15,5.0306980803327406e-15,-3.0808688933348094e-15,-1.6653345369377348e-16,1.6167622796103842e-15
103,0.0,9.872290165961736,0.34691532393565483,-4.23514203786757,7.424616477180734e-15,2.230854390106174e-15,-3.382710778154774e-16,1.9480944635219544e-15,4.163336342344337e-17,-1.9290125052862095e-15,1.1293049828609014e-15,-8.326672684688674e-17,-2.636779683484747e-16,-6.609296443471635e-16,2.0816681711721685e-17,-1.8041124150158794e-16,-1.0200174038743626e-15,1.915134717478395e-15,9.159339953157541e-16,-8.326672684688674e-16,-1.2065001775418693e-15
105,0.0,-0.7530569064707979,-6.9250563736931685,-2.7635727663964107,2.6818824938601438e-15,1.5959455978986625e-15,-1.5642868944620858e-15,-3.5041414214731503e-16,1.3877787807814457e-16,-4.85722573273506e-16,-7.632783294297951e-17,1.0408340855860843e-15,-1.4224732503009818e-16,2.6281060661048627e-16,7.91033905045424e-16,-3.9898639947466563e-16,-7.494005416219807e-16,7.216449660063518e-16,6.106226635438361e-16,-1.1544584732625651e-15,1.0824674490095276e-15
107,0.0,-5.42958341595144,-10.26143953446021,-2.1889623608010096,3.469446951953614e-16,4.579669976578771e-16,-8.673617379884035e-17,1.196959198423997e-16,7.632783294297951e-17,5.967448757360216e-16,-4.0419056990259605e-16,3.885780586188048e-16,-6.904199434387692e-16,-7.632783294297951e-16,-7.008282842946301e-16,-1.196959198423997e-16,-2.498001805406602e-16,-5.551115123125783e-17,-5.273559366969494e-16,1.582067810090848e-15,3.408731630294426e-16
108,0.0,-6.756666598031513,-3.66545865792753,-6.174515891063131,3.627653732962699e-14,-1.1872447469585268e-14,7.216449660063518e-16,1.3877787807814457e-16,8.049116928532385e-16,-1.4432899320127035e-15,7.771561172376096e-16,-3.157196726277789e-16,-1.0547118733938987e-15,6.869504964868156e-16,-3.608224830031759e-15,3.191891195797325e-16,-1.942890293094024e-16,3.733124920302089e-15,-2.831068712794149e-15,9.71445146547012e-16,-2.0539125955565396e-15
110,0.0,0.734957969652632,4.739341016518467,-2.67014455631515,1.7694179454963432e-15,-5.551115123125783e-16,2.914335439641036e-16,-1.0581813203458523e-16,6.938893903907228e-16,7.077671781985373e-16,-1.0061396160665481e-16,-8.326672684688674e-17,-2.7755575615628914e-17,-3.8163916471489756e-16,3.885780586188048e-16,4.0245584642661925e-16,-6.38378239159465e-16,-1.5265566588595902e-16,4.163336342344337e-17,-9.783840404509192e-16,-5.342948306008566e-16
114,0.0,-16.82242535760936,-7.051078932255688,-7.662241326729487,2.2197521598599224e-14,-8.370040771588094e-15,3.2827473378516103e-15,3.0531133177191805e-16,-7.91033905045424e-16,1.5677563414140394e-15,1.2559397966072083e-15,1.0512424264419451e-15,-2.609024107869118e-15,1.1525069093520912e-15,-2.473715676742927e-15,8.257283745649602e-16,-1.3548190347378863e-15,3.3688329903469594e-15,-4.3021142204224816e-16,2.5118795932144167e-15,-1.1848161340921592e-15
117,0.0,-9.387781519879585,-5.865150302006543,-7.135953869248581,2.1094237467877974e-15,7.992738415563139e-16,-1.734723475976807e-15,3.157196726277789e-16,1.0998146837692957e-15,-4.527628272299467e-16,9.783840404509192e-16,1.7176964196711011e-15,-5.412337245047638e-16,-6.869504964868156e-16,7.424616477180734e-16,3.122502256758253e-16,1.8908485888147197e-16,-5.065392549852277e-16,-8.326672684688674e-17,1.0130785099704553e-15,8.673617379884035e-16
118,0.0,-5.672640494930416,-14.776969302352793,-3.853514551962372,-5.48172618408671e-16,2.3002433291452462e-15,-1.4224732503009818e-16,-5.655198531684391e-16,-1.0842021724855044e-15,6.800116025829084e-16,1.6306400674181987e-16,7.927686285214008e-16,6.106226635438361e-16,-1.9637069748057456e-15,1.1171619185290638e-15,2.914335439641036e-16,3.5995512126518747e-16,-6.973588373426765e-16,-1.0130785099704553e-15,-6.938893903907228e-16,-7.979727989493313e-16
119,0.0,1.6220084806752726,-8.557454956297741,-0.89258044347505,2.0122792321330962e-16,-5.776629175002768e-16,1.609823385706477e-15,-4.588343593958655e-15,-2.3592239273284576e-16,-1.3461454173580023e-15,2.3314683517128287e-15,-1.1102230246251565e-15,6.800116025829084e-16,-1.9949319973733282e-16,8.187894806610529e-16,8.083811398051921e-16,-1.222980050563649e-15,-1.0824674490095276e-15,-1.6653345369377348e-15,-1.3877787807814457e-16,-1.0234868508263162e-16
120,0.0,-4.928588978695757,-19.271139582913655,-4.215405244551557,1.582067810090848e-15,3.219646771412954e-15,-8.604228440844963e-16,9.575673587391975e-16,-6.245004513516506e-16,3.608224830031759e-16,1.5681900222830336e-15,1.970645868709653e-15,1.762479051592436e-15,-1.0269562977782698e-15,1.4432899320127035e-15,5.967448757360216e-16,-8.326672684688674e-16,2.498001805406602e-16,3.0531133177191805e-16,-1.7069679003611782e-15,-1.8318679906315083e-15
